Czas(s),EKG_Surowe(mV)
0.000,-0.542
0.004,-1.028
0.008,-1.562
0.012,-1.907
0.016,-2.138
0.020,-2.172
0.024,-2.045
0.028,-1.808
0.032,-1.458
0.036,-1.022
0.040,-0.495
0.044,0.113
0.048,0.600
0.052,0.983
0.056,1.198
0.060,1.238
0.064,1.135
0.068,0.887
0.072,0.532
0.076,0.107
0.080,-1.123
0.084,-1.548
0.088,-1.933
0.092,-2.115
0.096,-2.138
0.100,-2.013
0.104,-1.762
0.108,-1.425
0.112,-1.012
0.116,-0.463
0.120,0.102
0.124,0.652
0.128,0.990
0.132,1.183
0.136,1.222
0.140,1.093
0.144,0.853
0.148,0.507
0.152,0.068
0.156,-0.492
0.160,-1.643
0.164,-1.938
0.168,-2.145
0.172,-2.178
0.176,-2.042
0.180,-1.798
0.184,-1.452
0.188,-1.018
0.192,-0.482
0.196,0.102
0.200,0.598
0.204,0.975
0.208,1.192
0.212,1.228
0.216,1.107
0.220,0.868
0.224,0.527
0.228,0.100
0.232,-0.453
0.236,-1.042
0.240,-1.972
0.244,-2.143
0.248,-2.178
0.252,-2.058
0.256,-1.817
0.260,-1.485
0.264,-1.050
0.268,-0.507
0.272,0.070
0.276,0.565
0.280,0.927
0.284,1.143
0.288,1.175
0.292,1.060
0.296,0.823
0.300,0.468
0.304,0.058
0.308,-0.497
0.312,-1.060
0.316,-1.552
0.320,-2.140
0.324,-2.147
0.328,-2.018
0.332,-1.762
0.336,-1.413
0.340,-0.970
0.344,-0.432
0.348,0.142
0.352,0.632
0.356,1.005
0.360,1.192
0.364,1.230
0.368,1.103
0.372,0.855
0.376,0.507
0.380,0.062
0.384,-0.492
0.388,-1.067
0.392,-1.575
0.396,-1.950
0.400,-2.180
0.404,-2.058
0.408,-1.812
0.412,-1.462
0.416,-1.008
0.420,-0.450
0.424,0.113
0.428,0.613
0.432,0.988
0.436,1.192
0.440,1.220
0.444,1.093
0.448,0.833
0.452,0.502
0.456,0.062
0.460,-0.495
0.464,-1.070
0.468,-1.573
0.472,-1.948
0.476,-2.150
0.480,-2.005
0.484,-1.792
0.488,-1.448
0.492,-1.002
0.496,-0.450
0.500,0.130
0.504,0.630
0.508,1.008
0.512,1.218
0.516,1.235
0.520,1.100
0.524,0.858
0.528,0.510
0.532,0.058
0.536,-0.497
0.540,-1.087
0.544,-1.603
0.548,-1.978
0.552,-2.183
0.556,-2.208
0.560,-1.768
0.564,-1.018
0.568,-0.458
0.572,0.117
0.576,0.627
0.580,1.010
0.584,1.222
0.588,1.248
0.592,1.117
0.596,0.873
0.600,0.532
0.604,0.092
0.608,-0.453
0.612,-1.028
0.616,-1.538
0.620,-1.905
0.624,-2.123
0.628,-2.163
0.632,-2.033
0.636,-1.792
0.640,-0.922
0.644,0.133
0.648,0.623
0.652,1.002
0.656,1.210
0.660,1.230
0.664,1.100
0.668,0.855
0.672,0.507
0.676,0.068
0.680,-0.492
0.684,-1.067
0.688,-1.573
0.692,-1.940
0.696,-2.143
0.700,-2.172
0.704,-2.045
0.708,-1.790
0.712,-1.452
0.716,-1.002
0.720,0.220
0.724,0.630
0.728,0.980
0.732,1.183
0.736,1.215
0.740,1.087
0.744,0.833
0.748,0.502
0.752,0.052
0.756,-0.502
0.760,-1.073
0.764,-1.570
0.768,-1.933
0.772,-2.127
0.776,-2.150
0.780,-2.025
0.784,-1.768
0.788,-1.442
0.792,-0.988
0.796,-0.430
0.800,0.828
0.804,1.215
0.808,1.228
0.812,1.100
0.816,0.838
0.820,0.500
0.824,0.055
0.828,-0.502
0.832,-1.073
0.836,-1.573
0.840,-1.948
0.844,-2.143
0.848,-2.163
0.852,-2.025
0.856,-1.770
0.860,-1.413
0.864,-0.970
0.868,-0.417
0.872,0.150
0.876,0.657
0.880,1.228
0.884,1.225
0.888,1.093
0.892,0.843
0.896,0.500
0.900,0.050
0.904,-0.512
0.908,-1.090
0.912,-1.583
0.916,-1.952
0.920,-2.152
0.924,-2.178
0.928,-2.042
0.932,-1.792
0.936,-1.448
0.940,-0.983
0.944,-0.430
0.948,0.145
0.952,0.657
0.956,1.018
0.960,1.222
0.964,1.103
0.968,0.858
0.972,0.507
0.976,0.062
0.980,-0.492
0.984,-1.062
0.988,-1.567
0.992,-1.933
0.996,-2.138
1.000,-2.170
1.004,-2.042
1.008,-1.792
1.012,-1.450
1.016,-0.988
1.020,-0.448
1.024,0.133
1.028,0.623
1.032,0.990
1.036,1.192
1.040,1.058
1.044,0.410
1.048,-0.552
1.052,-1.073
1.056,-1.583
1.060,-1.948
1.064,-2.147
1.068,-2.172
1.072,-2.033
1.076,-1.785
1.080,-1.442
1.084,-0.993
1.088,-0.453
1.092,0.117
1.096,0.618
1.100,0.993
1.104,1.192
1.108,1.228
1.112,1.087
1.116,0.835
1.120,-0.048
1.124,-1.103
1.128,-1.613
1.132,-1.970
1.136,-2.167
1.140,-2.180
1.144,-2.047
1.148,-1.790
1.152,-1.452
1.156,-0.973
1.160,-0.443
1.164,0.138
1.168,0.627
1.172,0.998
1.176,1.210
1.180,1.232
1.184,1.097
1.188,0.848
1.192,0.507
1.196,0.052
1.200,-1.167
1.204,-1.580
1.208,-1.942
1.212,-2.135
1.216,-2.152
1.220,-2.018
1.224,-1.772
1.228,-1.423
1.232,-0.983
1.236,-0.438
1.240,0.140
1.244,0.632
1.248,0.998
1.252,1.195
1.256,1.218
1.260,1.077
1.264,0.830
1.268,0.497
1.272,0.052
1.276,-0.502
1.280,-1.653
1.284,-1.942
1.288,-2.138
1.292,-2.152
1.296,-2.018
1.300,-1.768
1.304,-1.413
1.308,-0.973
1.312,-0.425
1.316,0.152
1.320,0.660
1.324,1.018
1.328,1.218
1.332,1.238
1.336,1.103
1.340,0.853
1.344,0.500
1.348,0.037
1.352,-0.527
1.356,-1.107
1.360,-2.015
1.364,-2.170
1.368,-2.183
1.372,-2.045
1.376,-1.782
1.380,-1.427
1.384,-0.988
1.388,-0.420
1.392,0.140
1.396,0.623
1.400,0.983
1.404,1.177
1.408,1.190
1.412,1.052
1.416,0.792
1.420,0.463
1.424,0.028
1.428,-0.542
1.432,-1.100
1.436,-1.600
1.440,-2.163
1.444,-2.163
1.448,-2.027
1.452,-1.780
1.456,-1.423
1.460,-0.985
1.464,-0.412
1.468,0.168
1.472,0.660
1.476,1.010
1.480,1.210
1.484,1.220
1.488,1.077
1.492,0.823
1.496,0.475
1.500,0.043
1.504,-0.537
1.508,-1.097
1.512,-1.607
1.516,-1.970
1.520,-2.178
1.524,-2.053
1.528,-1.800
1.532,-1.455
1.536,-1.008
1.540,-0.432
1.544,0.207
1.548,0.637
1.552,0.990
1.556,1.190
1.560,1.198
1.564,1.060
1.568,0.772
1.572,0.448
1.576,-0.007
1.580,-0.573
1.584,-1.127
1.588,-1.620
1.592,-1.968
1.596,-2.150
1.600,-1.982
1.604,-1.765
1.608,-1.407
1.612,-0.963
1.616,-0.403
1.620,0.168
1.624,0.637
1.628,1.002
1.632,1.183
1.636,1.208
1.640,1.065
1.644,0.818
1.648,0.465
1.652,0.028
1.656,-0.542
1.660,-1.107
1.664,-1.607
1.668,-1.965
1.672,-2.147
1.676,-2.160
1.680,-1.702
1.684,-1.410
1.688,-0.965
1.692,-0.393
1.696,0.177
1.700,0.660
1.704,1.015
1.708,1.208
1.712,1.218
1.716,1.077
1.720,0.823
1.724,0.472
1.728,0.037
1.732,-0.540
1.736,-1.103
1.740,-1.613
1.744,-1.962
1.748,-2.163
1.752,-2.178
1.756,-2.047
1.760,-1.370
1.764,-0.403
1.768,0.210
1.772,0.657
1.776,0.980
1.780,1.177
1.784,1.198
1.788,1.067
1.792,0.812
1.796,0.463
1.800,0.022
1.804,-0.562
1.808,-1.135
1.812,-1.623
1.816,-1.968
1.820,-2.170
1.824,-2.167
1.828,-2.020
1.832,-1.762
1.836,-1.407
1.840,-0.302
1.844,0.667
1.848,1.012
1.852,1.210
1.856,1.215
1.860,1.073
1.864,0.820
1.868,0.472
1.872,0.037
1.876,-0.540
1.880,-1.097
1.884,-1.585
1.888,-1.942
1.892,-2.132
1.896,-2.147
1.900,-2.013
1.904,-1.748
1.908,-1.407
1.912,-0.965
1.916,-0.395
1.920,0.733
1.924,1.008
1.928,1.208
1.932,1.212
1.936,1.073
1.940,0.823
1.944,0.468
1.948,0.030
1.952,-1.180
1.956,-1.603
1.960,-1.950
1.964,-2.143
1.968,-2.152
1.972,-1.952
1.976,-1.768
1.980,-1.417
1.984,-0.973
1.988,-0.390
1.992,0.172
1.996,0.657
2.000,1.198
2.004,1.198
2.008,1.055
2.012,0.787
2.016,0.448
2.020,-0.010
2.024,-0.573
2.028,-1.133
2.032,-1.627
2.036,-1.978
2.040,-2.167
2.044,-2.178
2.048,-2.033
2.052,-1.788
2.056,-1.442
2.060,-0.988
2.064,-0.422
2.068,0.147
2.072,0.635
2.076,1.002
2.080,1.192
2.084,1.062
2.088,0.787
2.092,0.448
2.096,-0.018
2.100,-0.588
2.104,-1.153
2.108,-1.653
2.112,-1.985
2.116,-2.172
2.120,-2.178
2.124,-2.022
2.128,-1.740
2.132,-1.390
2.136,-0.922
2.140,-0.372
2.144,0.198
2.148,0.688
2.152,1.028
2.156,1.215
2.160,1.032
2.164,0.795
2.168,0.438
2.172,-0.020
2.176,-0.603
2.180,-1.167
2.184,-1.667
2.188,-2.013
2.192,-2.188
2.196,-2.190
2.200,-2.033
2.204,-1.772
2.208,-1.413
2.212,-0.965
2.216,-0.395
2.220,0.170
2.224,0.652
2.228,1.012
2.232,1.212
2.236,1.222
2.240,0.767
2.244,0.470
2.248,0.022
2.252,-0.568
2.256,-1.123
2.260,-1.613
2.264,-1.968
2.268,-2.150
2.272,-2.163
2.276,-2.013
2.280,-1.738
2.284,-1.383
2.288,-0.922
2.292,-0.372
2.296,0.205
2.300,0.688
2.304,1.032
2.308,1.218
2.312,1.230
2.316,1.073
2.320,0.398
2.324,-0.003
2.328,-0.573
2.332,-1.137
2.336,-1.645
2.340,-1.982
2.344,-2.172
2.348,-2.183
2.352,-2.047
2.356,-1.780
2.360,-1.420
2.364,-0.970
2.368,-0.405
2.372,0.152
2.376,0.632
2.380,0.988
2.384,1.175
2.388,1.183
2.392,1.038
2.396,0.775
2.400,-0.102
2.404,-1.153
2.408,-1.643
2.412,-1.978
2.416,-2.150
2.420,-2.145
2.424,-1.990
2.428,-1.728
2.432,-1.373
2.436,-0.912
2.440,-0.362
2.444,0.215
2.448,0.698
2.452,1.048
2.456,1.228
2.460,1.230
2.464,1.087
2.468,0.828
2.472,0.470
2.476,0.028
2.480,-1.215
2.484,-1.972
2.488,-2.163
2.492,-2.152
2.496,-2.013
2.500,-1.762
2.504,-1.393
2.508,-0.943
2.512,-0.403
2.516,0.182
2.520,0.662
2.524,1.008
2.528,1.188
2.532,1.192
2.536,1.052
2.540,0.790
2.544,0.458
2.548,-0.007
2.552,-0.570
2.556,-1.143
2.560,-2.022
2.564,-2.172
2.568,-2.165
2.572,-2.007
2.576,-1.748
2.580,-1.393
2.584,-0.943
2.588,-0.393
2.592,0.195
2.596,0.672
2.600,1.018
2.604,1.208
2.608,1.212
2.612,1.067
2.616,0.812
2.620,0.465
2.624,0.022
2.628,-0.550
2.632,-1.135
2.636,-1.623
2.640,-2.167
2.644,-2.163
2.648,-2.010
2.652,-1.738
2.656,-1.377
2.660,-0.925
2.664,-0.372
2.668,0.215
2.672,0.688
2.676,1.028
2.680,1.208
2.684,1.218
2.688,1.060
2.692,0.790
2.696,0.438
2.700,-0.050
2.704,-0.583
2.708,-1.160
2.712,-1.643
2.716,-1.982
2.720,-2.163
2.724,-2.018
2.728,-1.765
2.732,-1.407
2.736,-0.943
2.740,-0.388
2.744,0.198
2.748,0.675
2.752,1.018
2.756,1.208
2.760,1.218
2.764,1.067
2.768,0.792
2.772,0.450
2.776,-0.015
2.780,-0.578
2.784,-1.167
2.788,-1.650
2.792,-1.985
2.796,-2.165
2.800,-1.968
2.804,-1.728
2.808,-1.373
2.812,-0.907
2.816,-0.362
2.820,0.223
2.824,0.693
2.828,1.028
2.832,1.208
2.836,1.208
2.840,1.048
2.844,0.772
2.848,0.422
2.852,-0.045
2.856,-0.605
2.860,-1.173
2.864,-1.645
2.868,-1.975
2.872,-2.147
2.876,-2.152
2.880,-1.688
2.884,-1.393
2.888,-0.932
2.892,-0.385
2.896,0.193
2.900,0.667
2.904,1.012
2.908,1.192
2.912,1.192
2.916,1.052
2.920,0.777
2.924,0.438
2.928,-0.018
2.932,-0.575
2.936,-1.153
2.940,-1.643
2.944,-1.978
2.948,-2.163
2.952,-2.170
2.956,-2.015
2.960,-1.327
2.964,-0.897
2.968,-0.333
2.972,0.713
2.976,1.018
2.980,1.205
2.984,1.208
2.988,1.055
2.992,0.782
2.996,0.432
3.000,-0.030
3.004,-0.588
3.008,-1.177
3.012,-1.653
3.016,-1.988
3.020,-2.172
3.024,-2.167
3.028,-2.015
3.032,-1.742
3.036,-1.393
3.040,-0.282
3.044,0.677
3.048,1.012
3.052,1.192
3.056,1.192
3.060,1.038
3.064,0.767
3.068,0.417
3.072,-0.043
3.076,-0.603
3.080,-1.210
3.084,-1.657
3.088,-1.992
3.092,-2.170
3.096,-2.165
3.100,-2.020
3.104,-1.728
3.108,-1.377
3.112,-0.912
3.116,-0.343
3.120,0.775
3.124,1.048
3.128,1.218
3.132,1.215
3.136,1.070
3.140,0.795
3.144,0.438
3.148,-0.025
3.152,-0.585
3.156,-1.173
3.160,-1.653
3.164,-1.988
3.168,-2.163
3.172,-2.163
3.176,-2.007
3.180,-1.732
3.184,-1.380
3.188,-0.910
3.192,-0.352
3.196,0.233
3.200,1.073
3.204,1.212
3.208,1.218
3.212,1.073
3.216,0.818
3.220,0.463
3.224,-0.005
3.228,-0.552
3.232,-1.147
3.236,-1.623
3.240,-1.962
3.244,-2.145
3.248,-2.140
3.252,-1.992
3.256,-1.715
3.260,-1.377
3.264,-0.907
3.268,-0.352
3.272,0.223
3.276,0.698
3.280,1.222
3.284,1.208
3.288,1.052
3.292,0.775
3.296,0.422
3.300,-0.043
3.304,-0.588
3.308,-1.167
3.312,-1.633
3.316,-1.972
3.320,-2.138
3.324,-2.130
3.328,-1.972
3.332,-1.700
3.336,-1.340
3.340,-0.868
3.344,-0.307
3.348,0.258
3.352,0.728
3.356,1.058
3.360,1.222
3.364,1.087
3.368,0.815
3.372,0.460
3.376,-0.007
3.380,-0.568
3.384,-1.150
3.388,-1.625
3.392,-1.965
3.396,-2.138
3.400,-2.143
3.404,-1.988
3.408,-1.728
3.412,-1.380
3.416,-0.912
3.420,-0.362
3.424,0.223
3.428,0.690
3.432,1.032
3.436,1.210
3.440,1.018
3.444,0.777
3.448,0.417
3.452,-0.043
3.456,-0.595
3.460,-1.175
3.464,-1.647
3.468,-1.995
3.472,-2.143
3.476,-2.132
3.480,-1.968
3.484,-1.688
3.488,-1.333
3.492,-0.860
3.496,-0.297
3.500,0.263
3.504,0.718
3.508,1.050
3.512,1.212
3.516,1.208
3.520,0.718
3.524,0.417
3.528,-0.050
3.532,-0.613
3.536,-1.183
3.540,-1.667
3.544,-2.002
3.548,-2.167
3.552,-2.163
3.556,-1.990
3.560,-1.712
3.564,-1.367
3.568,-0.892
3.572,-0.345
3.576,0.223
3.580,0.708
3.584,1.038
3.588,1.222
3.592,1.218
3.596,1.067
3.600,0.367
3.604,-0.037
3.608,-0.603
3.612,-1.177
3.616,-1.667
3.620,-1.990
3.624,-2.152
3.628,-2.140
3.632,-1.978
3.636,-1.695
3.640,-1.333
3.644,-0.860
3.648,-0.323
3.652,0.263
3.656,0.740
3.660,1.067
3.664,1.230
3.668,1.230
3.672,1.070
3.676,0.792
3.680,-0.105
3.684,-0.698
3.688,-1.657
3.692,-2.018
3.696,-2.155
3.700,-2.150
3.704,-1.990
3.708,-1.712
3.712,-1.367
3.716,-0.887
3.720,-0.338
3.724,0.233
3.728,0.713
3.732,1.052
3.736,1.220
3.740,1.222
3.744,1.062
3.748,0.787
3.752,0.438
3.756,-0.030
3.760,-1.258
3.764,-1.988
3.768,-2.152
3.772,-2.147
3.776,-1.988
3.780,-1.712
3.784,-1.350
3.788,-0.887
3.792,-0.340
3.796,0.233
3.800,0.713
3.804,1.038
3.808,1.220
3.812,1.212
3.816,1.052
3.820,0.772
3.824,0.412
3.828,-0.060
3.832,-0.623
3.836,-1.188
3.840,-2.042
3.844,-2.163
3.848,-2.138
3.852,-1.965
3.856,-1.683
3.860,-1.308
3.864,-0.843
3.868,-0.270
3.872,0.297
3.876,1.137
3.880,1.258
3.884,1.248
3.888,1.087
3.892,0.812
3.896,0.440
3.900,-0.028
3.904,-0.595
3.908,-1.190
3.912,-1.673
3.916,-2.007
3.920,-2.163
3.924,-2.015
3.928,-1.735
3.932,-1.373
3.936,-0.892
3.940,-0.328
3.944,0.253
3.948,0.735
3.952,1.067
3.956,1.232
3.960,1.222
3.964,1.062
3.968,0.787
3.972,0.438
3.976,-0.043
3.980,-0.603
3.984,-1.177
3.988,-1.670
3.992,-1.998
3.996,-2.165
4.000,-1.945
4.004,-1.702
4.008,-1.343
4.012,-0.863
4.016,-0.300
4.020,0.268
4.024,0.743
4.028,1.067
4.032,1.230
4.036,1.218
4.040,1.052
4.044,0.777
4.048,0.422
4.052,-0.052
4.056,-0.613
4.060,-1.180
4.064,-1.667
4.068,-1.992
4.072,-2.163
4.076,-2.152
4.080,-1.667
4.084,-1.353
4.088,-0.880
4.092,-0.320
4.096,0.258
4.100,0.740
4.104,1.070
4.108,1.238
4.112,1.230
4.116,1.067
4.120,0.782
4.124,0.432
4.128,-0.033
4.132,-0.603
4.136,-1.175
4.140,-1.660
4.144,-1.988
4.148,-2.147
4.152,-2.143
4.156,-1.970
4.160,-1.252
4.164,-0.865
4.168,-0.307
4.172,0.253
4.176,0.718
4.180,1.035
4.184,1.195
4.188,1.188
4.192,1.025
4.196,0.743
4.200,0.388
4.204,-0.087
4.208,-0.657
4.212,-1.218
4.216,-1.702
4.220,-2.027
4.224,-2.185
4.228,-2.178
4.232,-2.005
4.236,-1.722
4.240,-0.772
4.244,-0.297
4.248,0.273
4.252,0.743
4.256,1.067
4.260,1.238
4.264,1.212
4.268,1.048
4.272,0.755
4.276,0.398
4.280,-0.083
4.284,-0.652
4.288,-1.215
4.292,-1.700
4.296,-2.022
4.300,-2.178
4.304,-2.163
4.308,-1.988
4.312,-1.702
4.316,-1.337
4.320,-0.188
4.324,0.268
4.328,0.740
4.332,1.060
4.336,1.225
4.340,1.205
4.344,1.028
4.348,0.745
4.352,0.385
4.356,-0.090
4.360,-0.660
4.364,-1.212
4.368,-1.705
4.372,-2.020
4.376,-2.180
4.380,-2.172
4.384,-2.013
4.388,-1.712
4.392,-1.365
4.396,-0.882
4.400,0.362
4.404,1.075
4.408,1.238
4.412,1.232
4.416,1.067
4.420,0.787
4.424,0.432
4.428,-0.052
4.432,-0.618
4.436,-1.202
4.440,-1.692
4.444,-2.018
4.448,-2.172
4.452,-2.163
4.456,-1.990
4.460,-1.712
4.464,-1.347
4.468,-0.868
4.472,-0.302
4.476,0.268
4.480,1.117
4.484,1.252
4.488,1.232
4.492,1.070
4.496,0.787
4.500,0.425
4.504,-0.058
4.508,-0.618
4.512,-1.188
4.516,-1.673
4.520,-1.992
4.524,-2.155
4.528,-2.140
4.532,-1.978
4.536,-1.698
4.540,-1.343
4.544,-0.882
4.548,-0.323
4.552,0.237
4.556,0.703
4.560,1.208
4.564,1.190
4.568,1.040
4.572,0.777
4.576,0.422
4.580,-0.043
4.584,-0.588
4.588,-1.147
4.592,-1.627
4.596,-1.965
4.600,-2.125
4.604,-2.107
4.608,-1.948
4.612,-1.665
4.616,-1.323
4.620,-0.848
4.624,-0.285
4.628,0.307
4.632,0.748
4.636,1.067
4.640,1.192
4.644,1.050
4.648,0.743
4.652,0.347
4.656,-0.060
4.660,-0.627
4.664,-1.202
4.668,-1.688
4.672,-2.022
4.676,-2.175
4.680,-2.163
4.684,-2.002
4.688,-1.718
4.692,-1.365
4.696,-0.890
4.700,-0.328
4.704,0.235
4.708,0.695
4.712,1.020
4.716,1.177
4.720,0.948
4.724,0.715
4.728,0.357
4.732,-0.113
4.736,-0.672
4.740,-1.232
4.744,-1.708
4.748,-2.042
4.752,-2.190
4.756,-2.172
4.760,-2.002
4.764,-1.712
4.768,-1.345
4.772,-0.863
4.776,-0.290
4.780,0.273
4.784,0.750
4.788,1.087
4.792,1.232
4.796,1.218
4.800,0.700
4.804,0.395
4.808,-0.072
4.812,-0.647
4.816,-1.212
4.820,-1.688
4.824,-2.018
4.828,-2.172
4.832,-2.147
4.836,-1.980
4.840,-1.698
4.844,-1.333
4.848,-0.848
4.852,-0.287
4.856,0.278
4.860,0.743
4.864,1.073
4.868,1.228
4.872,1.210
4.876,1.038
4.880,0.315
4.884,-0.172
4.888,-0.693
4.892,-1.265
4.896,-1.728
4.900,-2.180
4.904,-2.163
4.908,-1.992
4.912,-1.705
4.916,-1.340
4.920,-0.858
4.924,-0.287
4.928,0.290
4.932,0.752
4.936,1.075
4.940,1.232
4.944,1.212
4.948,1.038
4.952,0.757
4.956,0.393
4.960,-0.853
4.964,-1.228
4.968,-1.700
4.972,-2.022
4.976,-2.175
4.980,-2.152
4.984,-1.988
4.988,-1.698
4.992,-1.337
4.996,-0.858
5.000,-0.290
5.004,0.275
5.008,0.738
5.012,1.073
5.016,1.218
5.020,1.198
5.024,1.028
5.028,0.738
5.032,0.383
5.036,-0.110
5.040,-1.323
5.044,-1.700
5.048,-2.018
5.052,-2.167
5.056,-2.138
5.060,-1.965
5.064,-1.683
5.068,-1.323
5.072,-0.848
5.076,-0.287
5.080,0.273
5.084,0.733
5.088,1.052
5.092,1.145
5.096,1.218
5.100,1.035
5.104,0.757
5.108,0.417
5.112,-0.098
5.116,-0.685
5.120,-1.802
5.124,-2.228
5.128,-2.203
5.132,-2.022
5.136,-1.712
5.140,-1.367
5.144,-0.865
5.148,-0.290
5.152,0.278
5.156,0.748
5.160,1.073
5.164,1.228
5.168,1.212
5.172,1.052
5.176,0.772
5.180,0.417
5.184,-0.058
5.188,-0.627
5.192,-1.210
5.196,-1.688
5.200,-2.183
5.204,-2.160
5.208,-1.990
5.212,-1.700
5.216,-1.343
5.220,-0.858
5.224,-0.282
5.228,0.270
5.232,0.748
5.236,1.070
5.240,1.218
5.244,1.190
5.248,1.028
5.252,0.748
5.256,0.390
5.260,-0.087
5.264,-0.652
5.268,-1.212
5.272,-1.688
5.276,-2.010
5.280,-2.105
5.284,-1.920
5.288,-1.663
5.292,-1.302
5.296,-0.833
5.300,-0.258
5.304,0.297
5.308,0.752
5.312,1.073
5.316,1.215
5.320,1.192
5.324,1.022
5.328,0.738
5.332,0.378
5.336,-0.100
5.340,-0.682
5.344,-1.238
5.348,-1.712
5.352,-2.038
5.356,-2.180
5.360,-1.938
5.364,-1.677
5.368,-1.320
5.372,-0.830
5.376,-0.263
5.380,0.297
5.384,0.767
5.388,1.093
5.392,1.238
5.396,1.208
5.400,1.032
5.404,0.757
5.408,0.393
5.412,-0.098
5.416,-0.667
5.420,-1.252
5.424,-1.698
5.428,-2.018
5.432,-2.163
5.436,-2.138
5.440,-1.623
5.444,-1.308
5.448,-0.843
5.452,-0.273
5.456,0.287
5.460,0.748
5.464,1.060
5.468,1.208
5.472,1.185
5.476,1.015
5.480,0.718
5.484,0.352
5.488,-0.133
5.492,-0.698
5.496,-1.232
5.500,-1.708
5.504,-2.027
5.508,-2.172
5.512,-2.140
5.516,-1.968
5.520,-1.218
5.524,-0.772
5.528,-0.068
5.532,0.347
5.536,0.770
5.540,1.103
5.544,1.248
5.548,1.215
5.552,1.048
5.556,0.772
5.560,0.407
5.564,-0.068
5.568,-0.642
5.572,-1.192
5.576,-1.667
5.580,-1.990
5.584,-2.145
5.588,-2.115
5.592,-1.948
5.596,-1.660
5.600,-0.733
5.604,-0.263
5.608,0.297
5.612,0.752
5.616,1.067
5.620,1.218
5.624,1.183
5.628,1.012
5.632,0.718
5.636,0.357
5.640,-0.113
5.644,-0.682
5.648,-1.230
5.652,-1.700
5.656,-2.018
5.660,-2.167
5.664,-2.147
5.668,-1.972
5.672,-1.683
5.676,-1.312
5.680,-0.147
5.684,0.305
5.688,0.777
5.692,1.097
5.696,1.248
5.700,1.225
5.704,1.052
5.708,0.767
5.712,0.393
5.716,-0.087
5.720,-0.662
5.724,-1.222
5.728,-1.698
5.732,-2.018
5.736,-2.163
5.740,-2.130
5.744,-1.952
5.748,-1.657
5.752,-1.295
5.756,-0.812
5.760,0.398
5.764,0.750
5.768,1.062
5.772,1.210
5.776,1.180
5.780,0.998
5.784,0.708
5.788,0.307
5.792,-0.147
5.796,-0.713
5.800,-1.262
5.804,-1.725
5.808,-2.038
5.812,-2.183
5.816,-2.147
5.820,-1.972
5.824,-1.673
5.828,-1.298
5.832,-0.807
5.836,-0.242
5.840,0.848
5.844,1.232
5.848,1.202
5.852,1.020
5.856,0.718
5.860,0.355
5.864,-0.133
5.868,-0.703
5.872,-1.260
5.876,-1.718
5.880,-2.033
5.884,-2.170
5.888,-2.135
5.892,-1.952
5.896,-1.663
5.900,-1.288
5.904,-0.785
5.908,-0.217
5.912,0.347
5.916,0.797
5.920,1.258
5.924,1.025
5.928,0.752
5.932,0.393
5.936,-0.095
5.940,-0.680
5.944,-1.292
5.948,-1.732
5.952,-2.022
5.956,-2.167
5.960,-2.138
5.964,-1.972
5.968,-1.685
5.972,-1.320
5.976,-0.823
5.980,-0.258
5.984,0.305
5.988,0.755
5.992,1.073
5.996,1.220
6.000,0.988
6.004,0.698
6.008,0.352
6.012,-0.100
6.016,-0.672
6.020,-1.220
6.024,-1.690
6.028,-2.022
6.032,-2.147
6.036,-2.123
6.040,-1.948
6.044,-1.657
6.048,-1.298
6.052,-0.818
6.056,-0.188
6.060,0.305
6.064,0.757
6.068,1.075
6.072,1.228
6.076,1.192
6.080,0.688
6.084,0.383
6.088,-0.102
6.092,-0.672
6.096,-1.225
6.100,-1.685
6.104,-2.007
6.108,-2.143
6.112,-2.110
6.116,-1.935
6.120,-1.643
6.124,-1.260
6.128,-0.802
6.132,-0.230
6.136,0.318
6.140,0.772
6.144,1.073
6.148,1.218
6.152,1.192
6.156,1.022
6.160,0.300
6.164,-0.110
6.168,-0.713
6.172,-1.250
6.176,-1.712
6.180,-2.022
6.184,-2.172
6.188,-2.140
6.192,-1.978
6.196,-1.683
6.200,-1.330
6.204,-0.833
6.208,-0.263
6.212,0.302
6.216,0.757
6.220,1.077
6.224,1.225
6.228,1.198
6.232,1.018
6.236,0.730
6.240,-0.300
6.244,-0.710
6.248,-1.252
6.252,-1.730
6.256,-2.047
6.260,-2.195
6.264,-2.163
6.268,-2.002
6.272,-1.718
6.276,-1.292
6.280,-0.820
6.284,-0.295
6.288,0.273
6.292,0.740
6.296,1.062
6.300,1.218
6.304,1.190
6.308,1.020
6.312,0.705
6.316,0.378
6.320,-0.772
6.324,-1.238
6.328,-1.702
6.332,-2.018
6.336,-2.167
6.340,-2.132
6.344,-1.952
6.348,-1.663
6.352,-1.298
6.356,-0.815
6.360,-0.245
6.364,0.310
6.368,0.772
6.372,1.077
6.376,1.228
6.380,1.198
6.384,1.022
6.388,0.733
6.392,0.370
6.396,-0.128
6.400,-1.337
6.404,-1.705
6.408,-2.018
6.412,-2.165
6.416,-2.127
6.420,-1.948
6.424,-1.663
6.428,-1.298
6.432,-0.812
6.436,-0.242
6.440,0.318
6.444,0.782
6.448,1.093
6.452,1.232
6.456,1.195
6.460,1.020
6.464,0.728
6.468,0.352
6.472,-0.138
6.476,-0.723
6.480,-1.827
6.484,-2.067
6.488,-2.212
6.492,-2.178
6.496,-1.992
6.500,-1.695
6.504,-1.312
6.508,-0.823
6.512,-0.247
6.516,0.310
6.520,0.772
6.524,1.073
6.528,1.218
6.532,1.183
6.536,1.008
6.540,0.718
6.544,0.352
6.548,-0.130
6.552,-0.705
6.556,-1.258
6.560,-2.083
6.564,-2.160
6.568,-1.978
6.572,-1.677
6.576,-1.323
6.580,-0.812
6.584,-0.253
6.588,0.312
6.592,0.770
6.596,1.093
6.600,1.225
6.604,1.190
6.608,1.015
6.612,0.718
6.616,0.350
6.620,-0.138
6.624,-0.713
6.628,-1.288
6.632,-1.735
6.636,-2.045
6.640,-2.135
6.644,-1.972
6.648,-1.667
6.652,-1.298
6.656,-0.802
6.660,-0.228
6.664,0.343
6.668,0.790
6.672,1.097
6.676,1.225
6.680,1.180
6.684,0.990
6.688,0.708
6.692,0.340
6.696,-0.138
6.700,-0.713
6.704,-1.260
6.708,-1.715
6.712,-2.030
6.716,-2.172
6.720,-1.907
6.724,-1.667
6.728,-1.308
6.732,-0.825
6.736,-0.260
6.740,0.297
6.744,0.757
6.748,1.070
6.752,1.222
6.756,1.195
6.760,1.032
6.764,0.743
6.768,0.383
6.772,-0.107
6.776,-0.688
6.780,-1.238
6.784,-1.710
6.788,-2.027
6.792,-2.180
6.796,-2.147
6.800,-1.627
6.804,-1.312
6.808,-0.818
6.812,-0.247
6.816,0.310
6.820,0.775
6.824,1.073
6.828,1.218
6.832,1.188
6.836,1.012
6.840,0.718
6.844,0.352
6.848,-0.133
6.852,-0.703
6.856,-1.260
6.860,-1.728
6.864,-2.033
6.868,-2.172
6.872,-2.138
6.876,-1.962
6.880,-1.225
6.884,-0.820
6.888,-0.253
6.892,0.300
6.896,0.757
6.900,1.065
6.904,1.208
6.908,1.177
6.912,1.005
6.916,0.708
6.920,0.343
6.924,-0.147
6.928,-0.733
6.932,-1.292
6.936,-1.738
6.940,-2.045
6.944,-2.178
6.948,-2.140
6.952,-1.972
6.956,-1.665
6.960,-0.720
6.964,-0.247
6.968,0.347
6.972,0.757
6.976,1.070
6.980,1.212
6.984,1.173
6.988,0.998
6.992,0.703
6.996,0.338
7.000,-0.147
7.004,-0.738
7.008,-1.302
7.012,-1.762
7.016,-2.058
7.020,-2.192
7.024,-2.163
7.028,-1.968
7.032,-1.670
7.036,-1.300
7.040,-0.140
7.044,0.307
7.048,0.752
7.052,1.052
7.056,1.190
7.060,1.155
7.064,0.980
7.068,0.688
7.072,0.312
7.076,-0.177
7.080,-0.748
7.084,-1.308
7.088,-1.742
7.092,-2.047
7.096,-2.175
7.100,-2.132
7.104,-1.952
7.108,-1.653
7.112,-1.282
7.116,-0.787
7.120,0.412
7.124,0.775
7.128,1.077
7.132,1.212
7.136,1.173
7.140,0.990
7.144,0.703
7.148,0.343
7.152,-0.147
7.156,-0.738
7.160,-1.308
7.164,-1.768
7.168,-2.058
7.172,-2.183
7.176,-2.147
7.180,-1.968
7.184,-1.667
7.188,-1.298
7.192,-0.812
7.196,-0.253
7.200,0.792
7.204,1.058
7.208,1.177
7.212,0.900
7.216,0.675
7.220,0.312
7.224,-0.168
7.228,-0.733
7.232,-1.292
7.236,-1.730
7.240,-2.042
7.244,-2.170
7.248,-2.132
7.252,-1.945
7.256,-1.653
7.260,-1.265
7.264,-0.807
7.268,-0.235
7.272,0.302
7.276,0.755
7.280,1.192
7.284,0.978
7.288,0.688
7.292,0.307
7.296,-0.177
7.300,-0.748
7.304,-1.302
7.308,-1.742
7.312,-2.045
7.316,-2.172
7.320,-2.130
7.324,-1.945
7.328,-1.613
7.332,-1.232
7.336,-0.775
7.340,-0.205
7.344,0.352
7.348,0.792
7.352,1.115
7.356,1.235
7.360,0.958
7.364,0.713
7.368,0.343
7.372,-0.142
7.376,-0.733
7.380,-1.292
7.384,-1.732
7.388,-2.035
7.392,-2.172
7.396,-2.130
7.400,-1.950
7.404,-1.657
7.408,-1.290
7.412,-0.780
7.416,-0.217
7.420,0.350
7.424,0.797
7.428,1.103
7.432,1.238
7.436,1.192
7.440,0.660
7.444,0.295
7.448,-0.168
7.452,-0.698
7.456,-1.252
7.460,-1.702
7.464,-2.010
7.468,-2.143
7.472,-2.105
7.476,-1.923
7.480,-1.623
7.484,-1.232
7.488,-0.743
7.492,-0.172
7.496,0.393
7.500,0.845
7.504,1.147
7.508,1.298
7.512,1.228
7.516,1.038
7.520,0.273
7.524,-0.297
7.528,-0.752
7.532,-1.308
7.536,-1.765
7.540,-2.060
7.544,-2.192
7.548,-2.163
7.552,-1.982
7.556,-1.692
7.560,-1.312
7.564,-0.815
7.568,-0.242
7.572,0.335
7.576,0.777
7.580,1.090
7.584,1.218
7.588,1.177
7.592,1.002
7.596,0.710
7.600,-0.253
7.604,-0.828
7.608,-1.298
7.612,-1.738
7.616,-2.030
7.620,-2.165
7.624,-2.123
7.628,-1.938
7.632,-1.643
7.636,-1.250
7.640,-0.770
7.644,-0.205
7.648,0.357
7.652,0.797
7.656,1.105
7.660,1.248
7.664,1.190
7.668,0.993
7.672,0.695
7.676,0.315
7.680,-0.853
7.684,-1.323
7.688,-1.772
7.692,-2.055
7.696,-2.188
7.700,-2.145
7.704,-1.968
7.708,-1.657
7.712,-1.262
7.716,-0.777
7.720,-0.177
7.724,0.347
7.728,0.782
7.732,1.093
7.736,1.225
7.740,1.188
7.744,1.002
7.748,0.703
7.752,0.312
7.756,-0.168
7.760,-1.387
7.764,-1.762
7.768,-2.047
7.772,-2.167
7.776,-2.123
7.780,-1.927
7.784,-1.633
7.788,-1.238
7.792,-0.755
7.796,-0.193
7.800,0.367
7.804,0.812
7.808,1.103
7.812,1.230
7.816,1.192
7.820,1.010
7.824,0.710
7.828,0.340
7.832,-0.172
7.836,-0.748
7.840,-1.812
7.844,-2.047
7.848,-2.178
7.852,-2.132
7.856,-1.940
7.860,-1.647
7.864,-1.252
7.868,-0.772
7.872,-0.207
7.876,0.347
7.880,0.777
7.884,1.075
7.888,1.198
7.892,1.155
7.896,0.958
7.900,0.675
7.904,0.292
7.908,-0.195
7.912,-0.772
7.916,-1.337
7.920,-2.100
7.924,-2.188
7.928,-2.138
7.932,-1.940
7.936,-1.650
7.940,-1.258
7.944,-0.765
7.948,-0.188
7.952,0.367
7.956,0.812
7.960,1.103
7.964,1.232
7.968,1.183
7.972,0.990
7.976,0.700
7.980,0.335
7.984,-0.168
7.988,-0.738
7.992,-1.300
7.996,-1.742
8.000,-2.185
8.004,-1.948
8.008,-1.653
8.012,-1.262
8.016,-0.772
8.020,-0.203
8.024,0.367
8.028,0.823
8.032,1.115
8.036,1.248
8.040,1.198
8.044,1.008
8.048,0.708
8.052,0.310
8.056,-0.185
8.060,-0.767
8.064,-1.327
8.068,-1.772
8.072,-2.058
8.076,-2.183
8.080,-1.903
8.084,-1.252
8.088,-0.762
8.092,-0.203
8.096,0.352
8.100,0.825
8.104,1.097
8.108,1.218
8.112,1.167
8.116,0.958
8.120,0.667
8.124,0.290
8.128,-0.210
8.132,-1.415
8.136,-1.782
8.140,-2.083
8.144,-2.203
8.148,-2.163
8.152,-1.972
8.156,-1.663
8.160,-0.708
8.164,-0.240
8.168,0.312
8.172,0.752
8.176,1.055
8.180,1.173
8.184,1.117
8.188,0.920
8.192,0.632
8.196,0.268
8.200,-0.217
8.204,-0.780
8.208,-1.335
8.212,-1.778
8.216,-2.062
8.220,-2.192
8.224,-2.143
8.228,-1.948
8.232,-1.655
8.236,-1.262
8.240,-0.098
8.244,0.367
8.248,0.818
8.252,1.100
8.256,1.228
8.260,1.177
8.264,0.983
8.268,0.688
8.272,0.302
8.276,-0.190
8.280,-0.762
8.284,-1.323
8.288,-1.765
8.292,-2.053
8.296,-2.175
8.300,-2.130
8.304,-1.942
8.308,-1.643
8.312,-1.252
8.316,-0.762
8.320,0.448
8.324,0.825
8.328,1.087
8.332,1.218
8.336,1.157
8.340,0.978
8.344,0.688
8.348,0.312
8.352,-0.182
8.356,-0.762
8.360,-1.320
8.364,-1.768
8.368,-2.047
8.372,-2.183
8.376,-2.138
8.380,-1.948
8.384,-1.647
8.388,-1.262
8.392,-0.770
8.396,-0.203
8.400,0.855
8.404,1.095
8.408,1.210
8.412,1.173
8.416,0.978
8.420,0.677
8.424,0.302
8.428,-0.190
8.432,-0.767
8.436,-1.333
8.440,-1.775
8.444,-2.060
8.448,-2.180
8.452,-2.127
8.456,-1.942
8.460,-1.633
8.464,-1.242
8.468,-0.750
8.472,-0.185
8.476,0.365
8.480,1.137
8.484,1.202
8.488,1.157
8.492,0.958
8.496,0.667
8.500,0.280
8.504,-0.217
8.508,-0.807
8.512,-1.347
8.516,-1.782
8.520,-2.083
8.524,-2.183
8.528,-2.135
8.532,-1.942
8.536,-1.645
8.540,-1.258
8.544,-0.752
8.548,-0.180
8.552,0.378
8.556,0.818
8.560,1.218
8.564,1.183
8.568,0.657
8.572,0.302
8.576,-0.203
8.580,-0.777
8.584,-1.343
8.588,-1.782
8.592,-2.083
8.596,-2.190
8.600,-2.147
8.604,-1.952
8.608,-1.650
8.612,-1.262
8.616,-0.762
8.620,-0.190
8.624,0.367
8.628,0.795
8.632,1.090
8.636,1.218
8.640,0.932
8.644,0.268
8.648,-0.182
8.652,-0.767
8.656,-1.325
8.660,-1.770
8.664,-2.053
8.668,-2.167
8.672,-2.110
8.676,-1.923
8.680,-1.617
8.684,-1.228
8.688,-0.733
8.692,-0.172
8.696,0.380
8.700,0.797
8.704,1.100
8.708,1.218
8.712,1.170
8.716,0.973
8.720,0.212
8.724,-0.212
8.728,-0.912
8.732,-1.347
8.736,-1.780
8.740,-2.060
8.744,-2.180
8.748,-2.130
8.752,-1.938
8.756,-1.645
8.760,-1.252
8.764,-0.750
8.768,-0.180
8.772,0.370
8.776,0.812
8.780,1.093
8.784,1.218
8.788,1.155
8.792,0.945
8.796,0.635
8.800,-0.328
8.804,-0.807
8.808,-1.367
8.812,-1.788
8.816,-2.062
8.820,-2.180
8.824,-2.125
8.828,-1.933
8.832,-1.617
8.836,-1.225
8.840,-0.738
8.844,-0.172
8.848,0.380
8.852,0.818
8.856,1.103
8.860,1.222
8.864,1.173
8.868,0.978
8.872,0.652
8.876,0.278
8.880,-0.897
8.884,-1.367
8.888,-1.805
8.892,-2.090
8.896,-2.188
8.900,-2.132
8.904,-1.938
8.908,-1.620
8.912,-1.232
8.916,-0.730
8.920,-0.163
8.924,0.395
8.928,0.850
8.932,1.137
8.936,1.248
8.940,1.198
8.944,1.008
8.948,0.698
8.952,0.312
8.956,-0.193
8.960,-1.415
8.964,-1.782
8.968,-2.092
8.972,-2.195
8.976,-2.145
8.980,-1.952
8.984,-1.627
8.988,-1.255
8.992,-0.752
8.996,-0.188
9.000,0.372
9.004,0.812
9.008,1.097
9.012,1.215
9.016,1.173
9.020,0.983
9.024,0.690
9.028,0.312
9.032,-0.193
9.036,-0.767
9.040,-1.817
9.044,-2.042
9.048,-2.172
9.052,-2.123
9.056,-1.925
9.060,-1.617
9.064,-1.232
9.068,-0.745
9.072,-0.177
9.076,0.378
9.080,0.797
9.084,1.095
9.088,1.208
9.092,1.150
9.096,0.948
9.100,0.652
9.104,0.273
9.108,-0.225
9.112,-0.812
9.116,-1.353
9.120,-2.105
9.124,-2.178
9.128,-2.123
9.132,-1.930
9.136,-1.617
9.140,-1.230
9.144,-0.733
9.148,-0.163
9.152,0.393
9.156,0.833
9.160,1.103
9.164,1.228
9.168,1.180
9.172,0.988
9.176,0.675
9.180,0.302
9.184,-0.203
9.188,-0.772
9.192,-1.330
9.196,-1.772
9.200,-2.167
9.204,-2.112
9.208,-1.907
9.212,-1.617
9.216,-1.238
9.220,-0.743
9.224,-0.182
9.228,0.367
9.232,0.792
9.236,1.087
9.240,1.192
9.244,1.140
9.248,0.938
9.252,0.632
9.256,0.255
9.260,-0.297
9.264,-0.848
9.268,-1.353
9.272,-1.788
9.276,-2.087
9.280,-1.992
9.284,-1.607
9.288,-1.222
9.292,-0.723
9.296,-0.145
9.300,0.400
9.304,1.170
9.308,1.235
9.312,1.180
9.316,0.978
9.320,0.660
9.324,0.270
9.328,-0.233
9.332,-0.828
9.336,-1.373
9.340,-1.817
9.344,-2.095
9.348,-2.197
9.352,-2.127
9.356,-1.927
9.360,-1.143
9.364,-0.713
9.368,-0.138
9.372,0.398
9.376,0.838
9.380,1.137
9.384,1.238
9.388,1.183
9.392,0.990
9.396,0.688
9.400,0.302
9.404,-0.203
9.408,-0.780
9.412,-1.343
9.416,-1.778
9.420,-2.053
9.424,-2.163
9.428,-2.105
9.432,-1.903
9.436,-1.607
9.440,-0.642
9.444,-0.168
9.448,0.385
9.452,0.812
9.456,1.095
9.460,1.212
9.464,1.165
9.468,0.978
9.472,0.667
9.476,0.287
9.480,-0.215
9.484,-0.802
9.488,-1.343
9.492,-1.780
9.496,-2.062
9.500,-2.175
9.504,-2.123
9.508,-1.927
9.512,-1.617
9.516,-1.228
9.520,-0.062
9.524,0.497
9.528,0.848
9.532,1.107
9.536,1.220
9.540,1.157
9.544,0.955
9.548,0.657
9.552,0.265
9.556,-0.245
9.560,-0.840
9.564,-1.383
9.568,-1.817
9.572,-2.092
9.576,-2.197
9.580,-2.143
9.584,-1.940
9.588,-1.623
9.592,-1.218
9.596,-0.713
9.600,0.497
9.604,1.155
9.608,1.252
9.612,1.188
9.616,0.990
9.620,0.670
9.624,0.292
9.628,-0.212
9.632,-0.782
9.636,-1.340
9.640,-1.802
9.644,-2.058
9.648,-2.172
9.652,-2.107
9.656,-1.920
9.660,-1.620
9.664,-1.210
9.668,-0.728
9.672,-0.147
9.676,0.398
9.680,1.153
9.684,1.238
9.688,1.188
9.692,1.008
9.696,0.688
9.700,0.300
9.704,-0.203
9.708,-0.777
9.712,-1.337
9.716,-1.778
9.720,-2.058
9.724,-2.172
9.728,-2.107
9.732,-1.907
9.736,-1.607
9.740,-1.215
9.744,-0.713
9.748,-0.142
9.752,0.407
9.756,0.830
9.760,1.222
9.764,1.167
9.768,0.958
9.772,0.657
9.776,0.273
9.780,-0.242
9.784,-0.828
9.788,-1.377
9.792,-1.810
9.796,-2.092
9.800,-2.192
9.804,-2.132
9.808,-1.938
9.812,-1.633
9.816,-1.232
9.820,-0.738
9.824,-0.168
9.828,0.388
9.832,0.825
9.836,1.105
9.840,1.137
9.844,0.938
9.848,0.225
9.852,-0.247
9.856,-0.825
9.860,-1.377
9.864,-1.805
9.868,-2.087
9.872,-2.188
9.876,-2.132
9.880,-1.933
9.884,-1.627
9.888,-1.220
9.892,-0.713
9.896,-0.135
9.900,0.407
9.904,0.833
9.908,1.110
9.912,1.228
9.916,1.167
9.920,0.593
9.924,-0.258
9.928,-0.843
9.932,-1.380
9.936,-1.812
9.940,-2.098
9.944,-2.192
9.948,-2.132
9.952,-1.935
9.956,-1.620
9.960,-1.220
9.964,-0.725
9.968,-0.147
9.972,0.393
9.976,0.828
9.980,1.100
9.984,1.215
9.988,1.167
9.992,0.953
9.996,0.665
10.000,-0.333
10.004,-0.935
10.008,-1.395
10.012,-1.792
10.016,-2.065
10.020,-2.183
10.024,-2.123
10.028,-1.903
10.032,-1.605
10.036,-1.183
10.040,-0.688
10.044,-0.072
10.048,0.438
10.052,0.853
10.056,1.137
10.060,1.238
10.064,1.183
10.068,0.983
10.072,0.685
10.076,0.278
10.080,-0.892
10.084,-1.373
10.088,-1.808
10.092,-2.060
10.096,-2.147
10.100,-2.083
10.104,-1.873
10.108,-1.567
10.112,-1.170
10.116,-0.680
10.120,-0.107
10.124,0.427
10.128,0.848
10.132,1.117
10.136,1.222
10.140,1.155
10.144,0.948
10.148,0.657
10.152,0.263
10.156,-0.242
10.160,-1.448
10.164,-2.067
10.168,-2.165
10.172,-2.095
10.176,-1.885
10.180,-1.573
10.184,-1.173
10.188,-0.672
10.192,-0.098
10.196,0.448
10.200,0.868
10.204,1.147
10.208,1.252
10.212,1.183
10.216,0.983
10.220,0.672
10.224,0.268
10.228,-0.233
10.232,-0.823
10.236,-1.373
10.240,-2.107
10.244,-2.175
10.248,-2.110
10.252,-1.900
10.256,-1.585
10.260,-1.190
10.264,-0.693
10.268,-0.117
10.272,0.417
10.276,0.845
10.280,1.115
10.284,1.225
10.288,1.153
10.292,0.948
10.296,0.635
10.300,0.235
10.304,-0.265
10.308,-0.853
10.312,-1.387
10.316,-1.808
10.320,-2.175
10.324,-2.110
10.328,-1.903
10.332,-1.600
10.336,-1.188
10.340,-0.693
10.344,-0.113
10.348,0.427
10.352,0.858
10.356,1.140
10.360,1.238
10.364,1.173
10.368,0.955
10.372,0.657
10.376,0.260
10.380,-0.247
10.384,-0.833
10.388,-1.377
10.392,-1.802
10.396,-2.062
10.400,-2.062
10.404,-1.885
10.408,-1.548
10.412,-1.163
10.416,-0.660
10.420,-0.087
10.424,0.453
10.428,0.870
10.432,1.238
10.436,1.177
10.440,0.877
10.444,0.632
10.448,0.247
10.452,-0.258
10.456,-0.843
10.460,-1.387
10.464,-1.823
10.468,-2.100
10.472,-2.192
10.476,-2.130
10.480,-1.542
10.484,-0.682
10.488,-0.102
10.492,0.432
10.496,0.855
10.500,1.137
10.504,1.222
10.508,1.155
10.512,0.945
10.516,0.632
10.520,0.242
10.524,-0.268
10.528,-0.845
10.532,-1.380
10.536,-1.808
10.540,-2.083
10.544,-2.163
10.548,-2.090
10.552,-1.863
10.556,-1.538
10.560,-0.542
10.564,-0.072
10.568,0.458
10.572,0.873
10.576,1.143
10.580,1.230
10.584,1.157
10.588,0.943
10.592,0.637
10.596,0.247
10.600,-0.258
10.604,-0.828
10.608,-1.377
10.612,-1.792
10.616,-2.062
10.620,-2.175
10.624,-2.098
10.628,-1.883
10.632,-1.575
10.636,-1.177
10.640,-0.005
10.644,0.450
10.648,0.873
10.652,1.147
10.656,1.238
10.660,1.163
10.664,0.948
10.668,0.632
10.672,0.228
10.676,-0.275
10.680,-0.858
10.684,-1.405
10.688,-1.817
10.692,-2.083
10.696,-2.172
10.700,-2.100
10.704,-1.883
10.708,-1.567
10.712,-1.177
10.716,-0.688
10.720,0.472
10.724,0.885
10.728,1.097
10.732,1.180
10.736,1.113
10.740,0.907
10.744,0.600
10.748,0.207
10.752,-0.297
10.756,-0.870
10.760,-1.395
10.764,-1.815
10.768,-2.083
10.772,-2.172
10.776,-2.103
10.780,-1.877
10.784,-1.562
10.788,-1.165
10.792,-0.627
10.796,-0.075
10.800,0.917
10.804,1.135
10.808,1.215
10.812,1.140
10.816,0.932
10.820,0.625
10.824,0.225
10.828,-0.268
10.832,-0.848
10.836,-1.380
10.840,-1.802
10.844,-2.058
10.848,-2.152
10.852,-2.087
10.856,-1.863
10.860,-1.548
10.864,-1.143
10.868,-0.647
10.872,-0.072
10.876,0.458
10.880,1.177
10.884,1.248
10.888,1.177
10.892,0.978
10.896,0.667
10.900,0.263
10.904,-0.242
10.908,-0.823
10.912,-1.367
10.916,-1.782
10.920,-2.060
10.924,-2.147
10.928,-2.085
10.932,-1.860
10.936,-1.550
10.940,-1.163
10.944,-0.652
10.948,-0.087
10.952,0.455
10.956,0.877
10.960,1.232
10.964,1.173
10.968,0.958
10.972,0.672
10.976,0.287
10.980,-0.242
10.984,-0.828
10.988,-1.367
10.992,-1.792
10.996,-2.058
11.000,-2.163
11.004,-2.100
11.008,-1.895
11.012,-1.580
11.016,-1.188
11.020,-0.680
11.024,-0.102
11.028,0.438
11.032,0.860
11.036,1.137
11.040,1.137
11.044,0.955
11.048,0.652
11.052,0.258
11.056,-0.268
11.060,-0.860
11.064,-1.405
11.068,-1.823
11.072,-2.092
11.076,-2.183
11.080,-2.105
11.084,-1.887
11.088,-1.573
11.092,-1.173
11.096,-0.657
11.100,-0.087
11.104,0.453
11.108,0.875
11.112,1.150
11.116,1.248
11.120,0.935
11.124,0.662
11.128,0.268
11.132,-0.253
11.136,-0.833
11.140,-1.380
11.144,-1.808
11.148,-2.083
11.152,-2.163
11.156,-2.098
11.160,-1.873
11.164,-1.567
11.168,-1.177
11.172,-0.667
11.176,-0.098
11.180,0.432
11.184,0.868
11.188,1.115
11.192,1.212
11.196,1.137
11.200,0.477
11.204,-0.328
11.208,-0.863
11.212,-1.393
11.216,-1.812
11.220,-2.067
11.224,-2.167
11.228,-2.095
11.232,-1.887
11.236,-1.575
11.240,-1.177
11.244,-0.667
11.248,-0.100
11.252,0.438
11.256,0.858
11.260,1.137
11.264,1.228
11.268,1.157
11.272,0.938
11.276,0.623
11.280,-0.380
11.284,-1.407
11.288,-1.817
11.292,-2.083
11.296,-2.150
11.300,-2.083
11.304,-1.860
11.308,-1.552
11.312,-1.147
11.316,-0.623
11.320,-0.052
11.324,0.477
11.328,0.900
11.332,1.165
11.336,1.252
11.340,1.177
11.344,0.973
11.348,0.652
11.352,0.253
11.356,-0.273
11.360,-1.468
11.364,-1.812
11.368,-2.083
11.372,-2.167
11.376,-2.092
11.380,-1.867
11.384,-1.548
11.388,-1.140
11.392,-0.608
11.396,-0.043
11.400,0.497
11.404,0.907
11.408,1.173
11.412,1.255
11.416,1.167
11.420,0.950
11.424,0.632
11.428,0.247
11.432,-0.282
11.436,-0.858
11.440,-1.873
11.444,-2.130
11.448,-2.180
11.452,-2.107
11.456,-1.887
11.460,-1.573
11.464,-1.170
11.468,-0.655
11.472,-0.072
11.476,0.453
11.480,0.870
11.484,1.137
11.488,1.222
11.492,1.145
11.496,0.927
11.500,0.613
11.504,0.223
11.508,-0.297
11.512,-0.882
11.516,-1.407
11.520,-2.123
11.524,-2.178
11.528,-2.103
11.532,-1.887
11.536,-1.567
11.540,-1.165
11.544,-0.623
11.548,-0.050
11.552,0.497
11.556,0.907
11.560,1.173
11.564,1.250
11.568,1.173
11.572,0.953
11.576,0.652
11.580,0.247
11.584,-0.282
11.588,-0.882
11.592,-1.417
11.596,-1.830
11.600,-2.183
11.604,-2.103
11.608,-1.887
11.612,-1.567
11.616,-1.160
11.620,-0.625
11.624,-0.058
11.628,0.472
11.632,0.892
11.636,1.155
11.640,1.235
11.644,1.153
11.648,0.932
11.652,0.618
11.656,0.247
11.660,-0.302
11.664,-0.882
11.668,-1.413
11.672,-1.820
11.676,-2.083
11.680,-2.047
11.684,-1.857
11.688,-1.540
11.692,-1.140
11.696,-0.623
11.700,-0.058
11.704,0.463
11.708,0.873
11.712,1.135
11.716,1.218
11.720,1.117
11.724,0.905
11.728,0.588
11.732,0.210
11.736,-0.343
11.740,-0.912
11.744,-1.452
11.748,-1.863
11.752,-2.123
11.756,-2.205
11.760,-1.853
11.764,-1.567
11.768,-1.163
11.772,-0.647
11.776,-0.072
11.780,0.463
11.784,0.887
11.788,1.153
11.792,1.232
11.796,1.157
11.800,0.940
11.804,0.623
11.808,0.228
11.812,-0.302
11.816,-0.882
11.820,-1.420
11.824,-1.827
11.828,-2.087
11.832,-2.163
11.836,-2.067
11.840,-1.470
11.844,-1.125
11.848,-0.603
11.852,-0.025
11.856,0.517
11.860,0.917
11.864,1.173
11.868,1.252
11.872,1.173
11.876,0.945
11.880,0.632
11.884,0.233
11.888,-0.292
11.892,-0.868
11.896,-1.403
11.900,-1.817
11.904,-2.062
11.908,-2.163
11.912,-2.060
11.916,-1.843
11.920,-1.018
11.924,-0.018
11.928,0.517
11.932,0.917
11.936,1.180
11.940,1.252
11.944,1.177
11.948,0.938
11.952,0.623
11.956,0.233
11.960,-0.325
11.964,-0.902
11.968,-1.445
11.972,-1.853
11.976,-2.107
11.980,-2.183
11.984,-2.107
11.988,-1.887
11.992,-1.562
11.996,-1.163
12.000,0.037
12.004,0.892
12.008,1.153
12.012,1.232
12.016,1.165
12.020,0.948
12.024,0.632
12.028,0.237
12.032,-0.285
12.036,-0.882
12.040,-1.417
12.044,-1.827
12.048,-2.092
12.052,-2.178
12.056,-2.103
12.060,-1.873
12.064,-1.548
12.068,-1.143
12.072,-0.625
12.076,-0.052
12.080,0.932
12.084,1.147
12.088,1.222
12.092,1.147
12.096,0.930
12.100,0.618
12.104,0.220
12.108,-0.297
12.112,-0.887
12.116,-1.417
12.120,-1.823
12.124,-2.085
12.128,-2.167
12.132,-2.067
12.136,-1.857
12.140,-1.532
12.144,-1.130
12.148,-0.603
12.152,-0.020
12.156,0.507
12.160,1.208
12.164,1.248
12.168,1.147
12.172,0.938
12.176,0.625
12.180,0.228
12.184,-0.290
12.188,-0.882
12.192,-1.403
12.196,-1.810
12.200,-2.058
12.204,-2.135
12.208,-2.047
12.212,-1.823
12.216,-1.502
12.220,-1.097
12.224,-0.583
12.228,-0.007
12.232,0.515
12.236,0.917
12.240,1.232
12.244,1.137
12.248,0.940
12.252,0.627
12.256,0.228
12.260,-0.323
12.264,-0.912
12.268,-1.448
12.272,-1.847
12.276,-2.103
12.280,-2.172
12.284,-2.090
12.288,-1.857
12.292,-1.540
12.296,-1.133
12.300,-0.608
12.304,-0.020
12.308,0.527
12.312,0.927
12.316,1.188
12.320,1.150
12.324,0.950
12.328,0.627
12.332,0.228
12.336,-0.340
12.340,-0.912
12.344,-1.450
12.348,-1.857
12.352,-2.123
12.356,-2.192
12.360,-2.120
12.364,-1.887
12.368,-1.567
12.372,-1.177
12.376,-0.657
12.380,-0.068
12.384,0.448
12.388,0.858
12.392,1.107
12.396,1.188
12.400,0.855
12.404,0.585
12.408,0.195
12.412,-0.338
12.416,-0.910
12.420,-1.442
12.424,-1.843
12.428,-2.098
12.432,-2.170
12.436,-2.087
12.440,-1.860
12.444,-1.542
12.448,-1.135
12.452,-0.618
12.456,-0.048
12.460,0.472
12.464,0.892
12.468,1.150
12.472,1.228
12.476,1.133
12.480,0.540
12.484,-0.385
12.488,-1.067
12.492,-1.455
12.496,-1.847
12.500,-2.087
12.504,-2.143
12.508,-2.047
12.512,-1.827
12.516,-1.508
12.520,-1.097
12.524,-0.583
12.528,-0.013
12.532,0.512
12.536,0.912
12.540,1.170
12.544,1.232
12.548,1.157
12.552,0.927
12.556,0.608
12.560,-0.422
12.564,-1.452
12.568,-1.847
12.572,-2.092
12.576,-2.163
12.580,-2.065
12.584,-1.853
12.588,-1.540
12.592,-1.143
12.596,-0.620
12.600,-0.050
12.604,0.470
12.608,0.873
12.612,1.137
12.616,1.212
12.620,1.113
12.624,0.897
12.628,0.578
12.632,0.177
12.636,-0.352
12.640,-1.552
12.644,-1.927
12.648,-2.118
12.652,-2.175
12.656,-2.087
12.660,-1.863
12.664,-1.542
12.668,-1.133
12.672,-0.608
12.676,-0.018
12.680,0.512
12.684,0.910
12.688,1.173
12.692,1.248
12.696,1.153
12.700,0.927
12.704,0.598
12.708,0.190
12.712,-0.343
12.716,-0.940
12.720,-1.930
12.724,-2.123
12.728,-2.178
12.732,-2.090
12.736,-1.857
12.740,-1.525
12.744,-1.107
12.748,-0.583
12.752,-0.007
12.756,0.512
12.760,0.907
12.764,1.173
12.768,1.238
12.772,1.167
12.776,0.938
12.780,0.623
12.784,0.223
12.788,-0.300
12.792,-0.902
12.796,-1.420
12.800,-2.123
12.804,-2.170
12.808,-2.092
12.812,-1.873
12.816,-1.548
12.820,-1.140
12.824,-0.608
12.828,-0.022
12.832,0.507
12.836,0.905
12.840,1.157
12.844,1.222
12.848,1.143
12.852,0.912
12.856,0.598
12.860,0.193
12.864,-0.338
12.868,-0.938
12.872,-1.462
12.876,-1.867
12.880,-2.192
12.884,-2.107
12.888,-1.887
12.892,-1.548
12.896,-1.130
12.900,-0.608
12.904,-0.022
12.908,0.500
12.912,0.897
12.916,1.143
12.920,1.218
12.924,1.117
12.928,0.907
12.932,0.585
12.936,0.188
12.940,-0.340
12.944,-0.927
12.948,-1.458
12.952,-1.853
12.956,-2.105
12.960,-2.053
12.964,-1.857
12.968,-1.538
12.972,-1.127
12.976,-0.593
12.980,-0.020
12.984,0.507
12.988,0.907
12.992,1.173
12.996,1.245
13.000,1.143
13.004,0.912
13.008,0.590
13.012,0.193
13.016,-0.340
13.020,-0.927
13.024,-1.448
13.028,-1.847
13.032,-2.092
13.036,-2.172
13.040,-1.817
13.044,-1.542
13.048,-1.137
13.052,-0.605
13.056,-0.028
13.060,0.512
13.064,0.897
13.068,1.147
13.072,1.218
13.076,1.133
13.080,0.897
13.084,0.580
13.088,0.177
13.092,-0.370
13.096,-0.968
13.100,-1.498
13.104,-1.890
13.108,-2.138
13.112,-2.188
13.116,-2.098
13.120,-1.482
13.124,-1.133
13.128,-0.568
13.132,-0.030
13.136,0.502
13.140,0.887
13.144,1.137
13.148,1.208
13.152,1.107
13.156,0.892
13.160,0.570
13.164,0.172
13.168,-0.372
13.172,-0.965
13.176,-1.495
13.180,-1.873
13.184,-2.123
13.188,-2.178
13.192,-2.083
13.196,-1.840
13.200,-1.002
13.204,-0.550
13.208,0.037
13.212,0.555
13.216,0.943
13.220,1.188
13.224,1.248
13.228,1.155
13.232,0.915
13.236,0.593
13.240,0.190
13.244,-0.365
13.248,-0.943
13.252,-1.490
13.256,-1.877
13.260,-2.127
13.264,-2.188
13.268,-2.098
13.272,-1.860
13.276,-1.532
13.280,-0.500
13.284,0.527
13.288,0.905
13.292,1.153
13.296,1.220
13.300,1.117
13.304,0.897
13.308,0.573
13.312,0.175
13.316,-0.370
13.320,-0.963
13.324,-1.492
13.328,-1.885
13.332,-2.130
13.336,-2.180
13.340,-2.083
13.344,-1.853
13.348,-1.528
13.352,-1.123
13.356,-0.588
13.360,0.585
13.364,1.202
13.368,1.220
13.372,1.110
13.376,0.838
13.380,0.578
13.384,0.188
13.388,-0.347
13.392,-0.925
13.396,-1.458
13.400,-1.853
13.404,-2.087
13.408,-2.147
13.412,-2.042
13.416,-1.812
13.420,-1.488
13.424,-1.070
13.428,-0.545
13.432,0.028
13.436,0.550
13.440,1.218
13.444,1.258
13.448,1.163
13.452,0.932
13.456,0.608
13.460,0.207
13.464,-0.338
13.468,-0.927
13.472,-1.472
13.476,-1.873
13.480,-2.127
13.484,-2.190
13.488,-2.098
13.492,-1.855
13.496,-1.538
13.500,-1.107
13.504,-0.583
13.508,-0.013
13.512,0.527
13.516,0.912
13.520,1.208
13.524,1.062
13.528,0.853
13.532,0.547
13.536,0.172
13.540,-0.372
13.544,-0.948
13.548,-1.482
13.552,-1.863
13.556,-2.103
13.560,-2.152
13.564,-2.050
13.568,-1.817
13.572,-1.488
13.576,-1.073
13.580,-0.545
13.584,0.043
13.588,0.552
13.592,0.932
13.596,1.173
13.600,1.090
13.604,0.537
13.608,0.142
13.612,-0.393
13.616,-0.978
13.620,-1.508
13.624,-1.895
13.628,-2.132
13.632,-2.183
13.636,-2.087
13.640,-1.850
13.644,-1.522
13.648,-1.103
13.652,-0.585
13.656,-0.015
13.660,0.532
13.664,0.910
13.668,1.155
13.672,1.215
13.676,1.113
13.680,0.497
13.684,0.147
13.688,-0.378
13.692,-0.963
13.696,-1.500
13.700,-1.877
13.704,-2.123
13.708,-2.178
13.712,-2.083
13.716,-1.847
13.720,-1.512
13.724,-1.097
13.728,-0.573
13.732,0.022
13.736,0.542
13.740,0.932
13.744,1.180
13.748,1.248
13.752,1.147
13.756,0.917
13.760,0.107
13.764,-0.448
13.768,-0.978
13.772,-1.942
13.776,-2.107
13.780,-2.163
13.784,-2.060
13.788,-1.827
13.792,-1.492
13.796,-1.073
13.800,-0.547
13.804,0.037
13.808,0.555
13.812,0.943
13.816,1.183
13.820,1.232
13.824,1.137
13.828,0.902
13.832,0.578
13.836,0.172
13.840,-1.048
13.844,-1.863
13.848,-2.105
13.852,-2.167
13.856,-2.058
13.860,-1.825
13.864,-1.502
13.868,-1.058
13.872,-0.552
13.876,0.018
13.880,0.537
13.884,0.917
13.888,1.153
13.892,1.215
13.896,1.113
13.900,0.890
13.904,0.555
13.908,0.147
13.912,-0.388
13.916,-0.973
13.920,-1.927
13.924,-2.107
13.928,-2.152
13.932,-2.053
13.936,-1.827
13.940,-1.500
13.944,-1.077
13.948,-0.550
13.952,0.022
13.956,0.542
13.960,0.912
13.964,1.165
13.968,1.212
13.972,1.100
13.976,0.868
13.980,0.540
13.984,0.128
13.988,-0.417
13.992,-0.993
13.996,-1.525
14.000,-2.160
14.004,-2.188
14.008,-2.083
14.012,-1.853
14.016,-1.528
14.020,-1.100
14.024,-0.568
14.028,0.022
14.032,0.537
14.036,0.927
14.040,1.167
14.044,1.222
14.048,1.113
14.052,0.882
14.056,0.547
14.060,0.130
14.064,-0.407
14.068,-0.983
14.072,-1.502
14.076,-1.890
14.080,-2.167
14.084,-2.065
14.088,-1.863
14.092,-1.498
14.096,-1.097
14.100,-0.568
14.104,0.022
14.108,0.542
14.112,0.940
14.116,1.173
14.120,1.228
14.124,1.137
14.128,0.897
14.132,0.578
14.136,0.155
14.140,-0.375
14.144,-0.963
14.148,-1.482
14.152,-1.873
14.156,-2.120
14.160,-2.033
14.164,-1.833
14.168,-1.508
14.172,-1.083
14.176,-0.552
14.180,0.037
14.184,0.552
14.188,0.950
14.192,1.192
14.196,1.250
14.200,1.147
14.204,0.910
14.208,0.575
14.212,0.152
14.216,-0.390
14.220,-0.980
14.224,-1.505
14.228,-1.887
14.232,-2.123
14.236,-2.167
14.240,-1.768
14.244,-1.012
14.248,-0.532
14.252,0.043
14.256,0.573
14.260,0.943
14.264,1.173
14.268,1.225
14.272,1.117
14.276,0.890
14.280,0.547
14.284,0.142
14.288,-0.407
14.292,-0.990
14.296,-1.512
14.300,-1.905
14.304,-2.143
14.308,-2.188
14.312,-2.087
14.316,-1.847
14.320,-1.005
14.324,-0.547
14.328,0.037
14.332,0.537
14.336,0.932
14.340,1.163
14.344,1.212
14.348,1.103
14.352,0.882
14.356,0.552
14.360,0.140
14.364,-0.393
14.368,-0.968
14.372,-1.482
14.376,-1.863
14.380,-2.098
14.384,-2.147
14.388,-2.047
14.392,-1.812
14.396,-1.488
14.400,-0.448
14.404,0.048
14.408,0.552
14.412,0.948
14.416,1.185
14.420,1.228
14.424,1.133
14.428,0.887
14.432,0.557
14.436,0.142
14.440,-0.388
14.444,-0.973
14.448,-1.485
14.452,-1.867
14.456,-2.092
14.460,-2.143
14.464,-2.030
14.468,-1.808
14.472,-1.482
14.476,-1.058
14.480,0.130
14.484,0.555
14.488,0.943
14.492,1.183
14.496,1.228
14.500,1.113
14.504,0.877
14.508,0.547
14.512,0.128
14.516,-0.417
14.520,-1.008
14.524,-1.522
14.528,-1.923
14.532,-2.138
14.536,-2.183
14.540,-2.067
14.544,-1.827
14.548,-1.498
14.552,-1.075
14.556,-0.542
14.560,0.627
14.564,1.188
14.568,1.238
14.572,1.147
14.576,0.897
14.580,0.583
14.584,0.175
14.588,-0.380
14.592,-0.965
14.596,-1.482
14.600,-1.867
14.604,-2.100
14.608,-2.147
14.612,-2.038
14.616,-1.812
14.620,-1.488
14.624,-1.060
14.628,-0.532
14.632,0.052
14.636,0.573
14.640,1.220
14.644,1.248
14.648,1.143
14.652,0.907
14.656,0.578
14.660,0.168
14.664,-0.627
14.668,-1.482
14.672,-1.867
14.676,-2.098
14.680,-2.143
14.684,-2.042
14.688,-1.802
14.692,-1.472
14.696,-1.048
14.700,-0.522
14.704,0.070
14.708,0.578
14.712,0.955
14.716,1.188
14.720,1.097
14.724,0.892
14.728,0.547
14.732,0.117
14.736,-0.427
14.740,-1.010
14.744,-1.522
14.748,-1.903
14.752,-2.127
14.756,-2.167
14.760,-2.050
14.764,-1.817
14.768,-1.482
14.772,-1.058
14.776,-0.522
14.780,0.062
14.784,0.573
14.788,0.943
14.792,1.177
14.796,1.220
14.800,0.820
14.804,0.537
14.808,0.110
14.812,-0.427
14.816,-1.018
14.820,-1.530
14.824,-1.930
14.828,-2.140
14.832,-2.178
14.836,-2.060
14.840,-1.823
14.844,-1.488
14.848,-1.058
14.852,-0.532
14.856,0.052
14.860,0.573
14.864,0.953
14.868,1.177
14.872,1.222
14.876,1.103
14.880,0.468
14.884,0.110
14.888,-0.438
14.892,-1.018
14.896,-1.528
14.900,-1.907
14.904,-2.127
14.908,-2.167
14.912,-2.050
14.916,-1.817
14.920,-1.482
14.924,-1.048
14.928,-0.507
14.932,0.077
14.936,0.593
14.940,0.980
14.944,1.192
14.948,1.238
14.952,1.137
14.956,0.887
14.960,0.050
14.964,-0.415
14.968,-1.000
14.972,-1.510
14.976,-1.900
14.980,-2.130
14.984,-2.175
14.988,-2.062
14.992,-1.827
14.996,-1.498
15.000,-1.067
15.004,-0.532
15.008,0.068
15.012,0.578
15.016,0.958
15.020,1.188
15.024,1.230
15.028,1.113
15.032,0.868
15.036,0.550
15.040,-0.500
15.044,-0.980
15.048,-1.532
15.052,-1.907
15.056,-2.132
15.060,-2.183
15.064,-2.083
15.068,-1.843
15.072,-1.510
15.076,-1.073
15.080,-0.540
15.084,0.048
15.088,0.555
15.092,0.943
15.096,1.177
15.100,1.220
15.104,1.113
15.108,0.885
15.112,0.550
15.116,0.120
15.120,-1.097
15.124,-1.532
15.128,-1.927
15.132,-2.143
15.136,-2.188
15.140,-2.083
15.144,-1.843
15.148,-1.502
15.152,-1.077
15.156,-0.540
15.160,0.050
15.164,0.552
15.168,0.932
15.172,1.157
15.176,1.208
15.180,1.097
15.184,0.860
15.188,0.537
15.192,0.102
15.196,-0.432
15.200,-1.613
15.204,-2.138
15.208,-2.178
15.212,-2.062
15.216,-1.823
15.220,-1.488
15.224,-1.052
15.228,-0.512
15.232,0.072
15.236,0.583
15.240,0.953
15.244,1.183
15.248,1.225
15.252,1.107
15.256,0.873
15.260,0.542
15.264,0.113
15.268,-0.422
15.272,-1.008
15.276,-1.528
15.280,-2.150
15.284,-2.042
15.288,-1.817
15.292,-1.462
15.296,-1.010
15.300,-0.522
15.304,0.060
15.308,0.568
15.312,0.938
15.316,1.167
15.320,1.218
15.324,1.103
15.328,0.868
15.332,0.537
15.336,0.115
15.340,-0.422
15.344,-1.012
15.348,-1.525
15.352,-1.893
15.356,-2.130
15.360,-2.027
15.364,-1.823
15.368,-1.492
15.372,-1.060
15.376,-0.522
15.380,0.062
15.384,0.573
15.388,0.940
15.392,1.173
15.396,1.212
15.400,1.090
15.404,0.848
15.408,0.510
15.412,0.062
15.416,-0.468
15.420,-1.042
15.424,-1.548
15.428,-1.933
15.432,-2.143
15.436,-2.170
15.440,-1.735
15.444,-1.455
15.448,-1.002
15.452,-0.490
15.456,0.102
15.460,0.610
15.464,0.988
15.468,1.218
15.472,1.232
15.476,1.113
15.480,0.870
15.484,0.537
15.488,0.092
15.492,-0.458
15.496,-1.052
15.500,-1.565
15.504,-1.945
15.508,-2.165
15.512,-2.192
15.516,-2.083
15.520,-1.442
15.524,-0.975
15.528,-0.510
15.532,0.068
15.536,0.573
15.540,0.943
15.544,1.175
15.548,1.205
15.552,1.087
15.556,0.853
15.560,0.517
15.564,0.098
15.568,-0.458
15.572,-1.032
15.576,-1.548
15.580,-1.933
15.584,-2.147
15.588,-2.185
15.592,-2.062
15.596,-1.823
15.600,-0.963
15.604,-0.502
15.608,0.092
15.612,0.598
15.616,0.993
15.620,1.232
15.624,1.300
15.628,1.180
15.632,0.943
15.636,0.613
15.640,0.182
15.644,-0.378
15.648,-0.973
15.652,-1.498
15.656,-1.893
15.660,-2.138
15.664,-2.180
15.668,-2.083
15.672,-1.840
15.676,-1.505
15.680,-0.448
15.684,0.198
15.688,0.583
15.692,0.917
15.696,1.155
15.700,1.198
15.704,1.093
15.708,0.860
15.712,0.522
15.716,0.100
15.720,-0.445
15.724,-1.022
15.728,-1.535
15.732,-1.903
15.736,-2.138
15.740,-2.167
15.744,-2.047
15.748,-1.802
15.752,-1.462
15.756,-1.018
15.760,0.180
15.764,0.677
15.768,0.988
15.772,1.185
15.776,1.225
15.780,1.105
15.784,0.860
15.788,0.522
15.792,0.092
15.796,-0.458
15.800,-1.085
15.804,-1.555
15.808,-1.923
15.812,-2.132
15.816,-2.165
15.820,-2.042
15.824,-1.800
15.828,-1.448
15.832,-1.022
15.836,-0.492
15.840,0.660
15.844,1.005
15.848,1.222
15.852,1.103
15.856,0.863
15.860,0.530
15.864,0.098
15.868,-0.453
15.872,-1.042
15.876,-1.552
15.880,-1.938
15.884,-2.167
15.888,-2.188
15.892,-2.067
15.896,-1.827
15.900,-1.488
15.904,-1.052
15.908,-0.512
15.912,0.062
15.916,0.557
15.920,1.177
15.924,1.077
15.928,0.845
15.932,0.510
15.936,0.090
15.940,-0.458
15.944,-1.032
15.948,-1.535
15.952,-1.903
15.956,-2.130
15.960,-2.163
15.964,-2.033
15.968,-1.782
15.972,-1.448
15.976,-1.012
15.980,-0.482
15.984,0.107
15.988,0.613
15.992,0.993
15.996,1.208
16.000,1.073
16.004,0.860
16.008,0.527
16.012,0.098
16.016,-0.453
16.020,-1.032
16.024,-1.542
16.028,-1.907
16.032,-2.132
16.036,-2.163
16.040,-2.027
16.044,-1.782
16.048,-1.442
16.052,-1.008
16.056,-0.463
16.060,0.100
16.064,0.598
16.068,0.980
16.072,1.183
16.076,1.215
16.080,0.797
16.084,0.448
16.088,0.080
16.092,-0.448
16.096,-1.022
16.100,-1.528
16.104,-1.897
16.108,-2.127
16.112,-2.163
16.116,-2.045
16.120,-1.808
16.124,-1.470
16.128,-1.045
16.132,-0.505
16.136,0.068
16.140,0.570
16.144,0.932
16.148,1.147
16.152,1.183
16.156,1.065
16.160,0.432
16.164,0.062
16.168,-0.487
16.172,-1.062
16.176,-1.567
16.180,-1.950
16.184,-2.178
16.188,-2.203
16.192,-2.083
16.196,-1.823
16.200,-1.485
16.204,-1.032
16.208,-0.465
16.212,0.092
16.216,0.595
16.220,0.955
16.224,1.177
16.228,1.218
16.232,1.087
16.236,0.850
16.240,-0.020
16.244,-0.532
16.248,-1.202
16.252,-1.573
16.256,-1.948
16.260,-2.163
16.264,-2.010
16.268,-1.808
16.272,-1.482
16.276,-1.045
16.280,-0.492
16.284,0.090
16.288,0.593
16.292,0.960
16.296,1.190
16.300,1.228
16.304,1.100
16.308,0.858
16.312,0.522
16.316,0.098
16.320,-1.123
16.324,-1.538
16.328,-1.903
16.332,-2.112
16.336,-2.145
16.340,-2.022
16.344,-1.788
16.348,-1.452
16.352,-1.012
16.356,-0.482
16.360,0.102
16.364,0.593
16.368,0.958
16.372,1.177
16.376,1.212
16.380,0.980
16.384,0.873
16.388,0.557
16.392,0.147
16.396,-0.427
16.400,-1.580
16.404,-1.942
16.408,-2.132
16.412,-2.167
16.416,-2.047
16.420,-1.808
16.424,-1.468
16.428,-1.028
16.432,-0.485
16.436,0.102
16.440,0.598
16.444,0.978
16.448,1.180
16.452,1.198
16.456,1.073
16.460,0.820
16.464,0.472
16.468,0.052
16.472,-0.500
16.476,-1.067
16.480,-1.978
16.484,-2.152
16.488,-2.022
16.492,-1.782
16.496,-1.417
16.500,-0.993
16.504,-0.450
16.508,0.130
16.512,0.632
16.516,1.012
16.520,1.222
16.524,1.252
16.528,1.115
16.532,0.860
16.536,0.515
16.540,0.077
16.544,-0.482
16.548,-1.058
16.552,-1.552
16.556,-1.930
16.560,-2.150
16.564,-1.782
16.568,-1.472
16.572,-1.032
16.576,-0.505
16.580,0.077
16.584,0.583
16.588,0.958
16.592,1.180
16.596,1.218
16.600,1.097
16.604,0.863
16.608,0.527
16.612,0.102
16.616,-0.458
16.620,-1.052
16.624,-1.565
16.628,-1.935
16.632,-2.140
16.636,-2.172
16.640,-1.665
16.644,-1.427
16.648,-1.012
16.652,-0.463
16.656,0.113
16.660,0.608
16.664,0.975
16.668,1.180
16.672,1.212
16.676,1.093
16.680,0.853
16.684,0.517
16.688,0.090
16.692,-0.453
16.696,-1.028
16.700,-1.528
16.704,-1.887
16.708,-2.112
16.712,-1.990
16.716,-1.770
16.720,-0.917
16.724,-0.458
16.728,0.115
16.732,0.608
16.736,0.993
16.740,1.192
16.744,1.212
16.748,1.080
16.752,0.848
16.756,0.507
16.760,0.075
16.764,-0.485
16.768,-1.055
16.772,-1.567
16.776,-1.938
16.780,-2.140
16.784,-2.167
16.788,-2.047
16.792,-1.800
16.796,-1.458
16.800,-0.372
16.804,0.247
16.808,0.588
16.812,0.948
16.816,1.167
16.820,1.195
16.824,1.067
16.828,0.820
16.832,0.495
16.836,0.068
16.840,-0.492
16.844,-1.065
16.848,-1.573
16.852,-1.938
16.856,-2.138
16.860,-2.160
16.864,-2.018
16.868,-1.765
16.872,-1.417
16.876,-0.978
16.880,0.225
16.884,0.623
16.888,0.988
16.892,1.190
16.896,1.208
16.900,1.073
16.904,0.828
16.908,0.472
16.912,0.050
16.916,-0.512
16.920,-1.093
16.924,-1.603
16.928,-1.952
16.932,-2.152
16.936,-2.183
16.940,-2.047
16.944,-1.802
16.948,-1.455
16.952,-0.983
16.956,-0.460
16.960,0.688
16.964,0.990
16.968,1.198
16.972,1.220
16.976,1.087
16.980,0.835
16.984,0.502
16.988,0.062
16.992,-0.492
16.996,-1.058
17.000,-1.567
17.004,-1.945
17.008,-2.132
17.012,-2.170
17.016,-2.045
17.020,-1.792
17.024,-1.460
17.028,-1.012
17.032,-0.482
17.036,0.098
17.040,0.990
17.044,1.175
17.048,1.192
17.052,1.073
17.056,0.828
17.060,0.477
17.064,0.062
17.068,-0.497
17.072,-1.070
17.076,-1.573
17.080,-1.952
17.084,-2.172
17.088,-2.022
17.092,-1.792
17.096,-1.450
17.100,-1.002
17.104,-0.455
17.108,0.128
17.112,0.620
17.116,0.988
17.120,1.190
17.124,0.765
17.128,0.460
17.132,0.055
17.136,-0.502
17.140,-1.073
17.144,-1.577
17.148,-1.942
17.152,-2.145
17.156,-2.172
17.160,-2.042
17.164,-1.792
17.168,-1.448
17.172,-1.002
17.176,-0.448
17.180,0.140
17.184,0.630
17.188,1.008
17.192,1.212
17.196,1.222
17.200,0.767
17.204,0.453
17.208,-0.010
17.212,-0.573
17.216,-1.073
17.220,-1.603
17.224,-1.960
17.228,-2.163
17.232,-2.185
17.236,-2.042
17.240,-1.790
17.244,-1.448
17.248,-0.993
17.252,-0.430
17.256,0.142
17.260,0.632
17.264,1.008
17.268,1.208
17.272,1.222
17.276,1.093
17.280,0.440
17.284,0.077
17.288,-0.485
17.292,-1.052
17.296,-1.565
17.300,-1.933
17.304,-2.138
17.308,-2.172
17.312,-2.033
17.316,-1.792
17.320,-1.460
17.324,-1.018
17.328,-0.487
17.332,0.128
17.336,0.583
17.340,0.953
17.344,1.167
17.348,1.205
17.352,1.067
17.356,0.797
17.360,-0.028
17.364,-0.593
17.368,-1.070
17.372,-1.552
17.376,-1.923
17.380,-2.127
17.384,-2.147
17.388,-2.018
17.392,-1.775
17.396,-1.442
17.400,-0.993
17.404,-0.435
17.408,0.138
17.412,0.627
17.416,0.988
17.420,1.192
17.424,1.218
17.428,1.073
17.432,0.820
17.436,0.475
17.440,-0.620
17.444,-1.107
17.448,-1.615
17.452,-1.968
17.456,-2.165
17.460,-2.183
17.464,-2.038
17.468,-1.785
17.472,-1.425
17.476,-0.978
17.480,-0.420
17.484,0.150
17.488,0.652
17.492,1.008
17.496,1.198
17.500,1.222
17.504,1.077
17.508,0.828
17.512,0.472
17.516,0.043
17.520,-1.188
17.524,-1.613
17.528,-1.970
17.532,-2.167
17.536,-2.188
17.540,-2.058
17.544,-1.810
17.548,-1.460
17.552,-1.022
17.556,-0.487
17.560,0.090
17.564,0.578
17.568,0.932
17.572,1.150
17.576,1.183
17.580,1.058
17.584,0.815
17.588,0.470
17.592,0.043
17.596,-0.525
17.600,-1.673
17.604,-1.992
17.608,-2.167
17.612,-2.188
17.616,-2.047
17.620,-1.792
17.624,-1.452
17.628,-1.002
17.632,-0.448
17.636,0.135
17.640,0.618
17.644,0.988
17.648,1.183
17.652,1.212
17.656,1.077
17.660,0.828
17.664,0.492
17.668,0.055
17.672,-0.507
17.676,-1.085
17.680,-1.988
17.684,-2.143
17.688,-2.167
17.692,-2.020
17.696,-1.778
17.700,-1.427
17.704,-0.993
17.708,-0.450
17.712,0.128
17.716,0.618
17.720,1.018
17.724,1.188
17.728,1.205
17.732,1.067
17.736,0.823
17.740,0.477
17.744,0.043
17.748,-0.542
17.752,-1.093
17.756,-1.603
17.760,-2.172
17.764,-2.178
17.768,-2.047
17.772,-1.792
17.776,-1.460
17.780,-1.008
17.784,-0.448
17.788,0.128
17.792,0.620
17.796,0.993
17.800,1.188
17.804,1.222
17.808,1.093
17.812,0.843
17.816,0.502
17.820,0.060
17.824,-0.502
17.828,-1.067
17.832,-1.570
17.836,-1.945
17.840,-2.160
17.844,-1.748
17.848,-1.442
17.852,-0.990
17.856,-0.432
17.860,0.138
17.864,0.623
17.868,0.988
17.872,1.188
17.876,1.205
17.880,1.062
17.884,0.818
17.888,0.463
17.892,0.033
17.896,-0.530
17.900,-1.105
17.904,-1.615
17.908,-1.970
17.912,-2.172
17.916,-2.185
17.920,-1.765
17.924,-1.363
17.928,-0.970
17.932,-0.432
17.936,0.138
17.940,0.672
17.944,1.018
17.948,1.192
17.952,1.212
17.956,1.073
17.960,0.820
17.964,0.477
17.968,0.048
17.972,-0.502
17.976,-1.073
17.980,-1.562
17.984,-1.925
17.988,-2.127
17.992,-2.147
17.996,-2.022
18.000,-1.373
18.004,-0.990
18.008,-0.445
18.012,0.117
18.016,0.618
18.020,0.990
18.024,1.188
18.028,1.212
18.032,1.075
18.036,0.828
18.040,0.492
18.044,0.048
18.048,-0.512
18.052,-1.087
18.056,-1.603
18.060,-1.948
18.064,-2.147
18.068,-2.163
18.072,-2.030
18.076,-1.792
18.080,-0.907
18.084,-0.448
18.088,0.138
18.092,0.625
18.096,0.990
18.100,1.208
18.104,1.230
18.108,1.077
18.112,0.833
18.116,0.477
18.120,0.045
18.124,-0.522
18.128,-1.097
18.132,-1.613
18.136,-1.962
18.140,-2.163
18.144,-2.172
18.148,-2.038
18.152,-1.785
18.156,-1.448
18.160,-0.352
18.164,0.657
18.168,0.983
18.172,1.183
18.176,1.202
18.180,1.060
18.184,0.818
18.188,0.470
18.192,0.037
18.196,-0.527
18.200,-1.100
18.204,-1.607
18.208,-1.965
18.212,-2.163
18.216,-2.180
18.220,-2.042
18.224,-1.782
18.228,-1.442
18.232,-0.988
18.236,-0.430
18.240,0.713
18.244,1.055
18.248,1.218
18.252,1.228
18.256,1.093
18.260,0.845
18.264,0.505
18.268,0.068
18.272,-0.497
18.276,-1.062
18.280,-1.573
18.284,-1.942
18.288,-2.138
18.292,-2.150
18.296,-2.020
18.300,-1.765
18.304,-1.417
18.308,-0.968
18.312,-0.412
18.316,0.158
18.320,1.058
18.324,1.218
18.328,1.077
18.332,0.815
18.336,0.465
18.340,0.025
18.344,-0.537
18.348,-1.107
18.352,-1.610
18.356,-1.962
18.360,-2.143
18.364,-2.160
18.368,-2.020
18.372,-1.762
18.376,-1.410
18.380,-0.970
18.384,-0.407
18.388,0.172
18.392,0.657
18.396,1.012
18.400,1.212
18.404,0.830
18.408,0.497
18.412,0.058
18.416,-0.507
18.420,-1.073
18.424,-1.567
18.428,-1.923
18.432,-2.100
18.436,-2.112
18.440,-1.978
18.444,-1.712
18.448,-1.380
18.452,-0.930
18.456,-0.393
18.460,0.177
18.464,0.665
18.468,1.022
18.472,1.215
18.476,1.230
18.480,0.757
18.484,-0.033
18.488,-0.535
18.492,-1.103
18.496,-1.607
18.500,-1.968
18.504,-2.152
18.508,-2.172
18.512,-2.027
18.516,-1.768
18.520,-1.423
18.524,-0.978
18.528,-0.417
18.532,0.158
18.536,0.660
18.540,1.020
18.544,1.218
18.548,1.230
18.552,1.095
18.556,0.825
18.560,-0.062
18.564,-0.655
18.568,-1.145
18.572,-1.613
18.576,-1.968
18.580,-2.143
18.584,-2.150
18.588,-2.015
18.592,-1.742
18.596,-1.395
18.600,-0.948
18.604,-0.403
18.608,0.180
18.612,0.667
18.616,1.012
18.620,1.208
18.624,1.218
18.628,1.077
18.632,0.818
18.636,0.458
18.640,-0.667
18.644,-1.137
18.648,-1.630
18.652,-1.982
18.656,-2.172
18.660,-2.180
18.664,-2.042
18.668,-1.782
18.672,-1.442
18.676,-0.980
18.680,-0.422
18.684,0.152
18.688,0.652
18.692,1.008
18.696,1.198
18.700,1.210
18.704,1.058
18.708,0.782
18.712,0.438
18.716,-0.013
18.720,-1.218
18.724,-1.647
18.728,-1.985
18.732,-2.180
18.736,-2.185
18.740,-2.042
18.744,-1.772
18.748,-1.417
18.752,-0.968
18.756,-0.407
18.760,0.152
18.764,0.657
18.768,1.012
18.772,1.208
18.776,1.218
18.780,1.077
18.784,0.797
18.788,0.458
18.792,0.020
18.796,-0.545
18.800,-1.685
18.804,-1.972
18.808,-2.152
18.812,-2.165
18.816,-2.022
18.820,-1.768
18.824,-1.417
18.828,-0.968
18.832,-0.405
18.836,0.172
18.840,0.662
18.844,1.018
18.848,1.215
18.852,1.222
18.856,1.093
18.860,0.820
18.864,0.470
18.868,0.037
18.872,-0.532
18.876,-1.135
18.880,-1.978
18.884,-2.127
18.888,-2.138
18.892,-1.992
18.896,-1.732
18.900,-1.393
18.904,-0.940
18.908,-0.393
18.912,0.188
18.916,0.672
18.920,1.028
18.924,1.218
18.928,1.230
18.932,1.087
18.936,0.820
18.940,0.472
18.944,0.030
18.948,-0.532
18.952,-1.095
18.956,-1.583
18.960,-2.138
18.964,-2.135
18.968,-1.995
18.972,-1.728
18.976,-1.387
18.980,-0.927
18.984,-0.370
18.988,0.207
18.992,0.693
18.996,1.038
19.000,1.230
19.004,1.248
19.008,1.097
19.012,0.843
19.016,0.492
19.020,0.045
19.024,-0.530
19.028,-1.097
19.032,-1.585
19.036,-1.942
19.040,-2.127
19.044,-1.692
19.048,-1.363
19.052,-0.910
19.056,-0.367
19.060,0.217
19.064,0.700
19.068,1.052
19.072,1.230
19.076,1.232
19.080,1.093
19.084,0.820
19.088,0.477
19.092,0.028
19.096,-0.537
19.100,-1.113
19.104,-1.607
19.108,-1.970
19.112,-2.160
19.116,-2.167
19.120,-1.712
19.124,-0.912
19.128,-0.372
19.132,0.158
19.136,0.660
19.140,1.018
19.144,1.212
19.148,1.228
19.152,1.095
19.156,0.828
19.160,0.472
19.164,0.037
19.168,-0.532
19.172,-1.107
19.176,-1.617
19.180,-1.972
19.184,-2.152
19.188,-2.163
19.192,-2.018
19.196,-1.768
19.200,-0.880
19.204,-0.412
19.208,0.180
19.212,0.662
19.216,1.018
19.220,1.208
19.224,1.228
19.228,1.085
19.232,0.818
19.236,0.475
19.240,0.043
19.244,-0.525
19.248,-1.090
19.252,-1.580
19.256,-1.962
19.260,-2.140
19.264,-2.147
19.268,-2.018
19.272,-1.762
19.276,-1.413
19.280,0.390
19.284,1.028
19.288,1.212
19.292,1.228
19.296,1.075
19.300,0.792
19.304,0.453
19.308,-0.007
19.312,-0.562
19.316,-1.133
19.320,-1.623
19.324,-1.968
19.328,-2.143
19.332,-2.140
19.336,-1.980
19.340,-1.722
19.344,-1.373
19.348,-0.912
19.352,-0.380
19.356,0.198
19.360,1.052
19.364,1.192
19.368,1.192
19.372,1.048
19.376,0.772
19.380,0.422
19.384,-0.020
19.388,-0.570
19.392,-1.143
19.396,-1.633
19.400,-1.978
19.404,-2.147
19.408,-2.152
19.412,-2.010
19.416,-1.732
19.420,-1.377
19.424,-0.925
19.428,-0.370
19.432,0.207
19.436,0.700
19.440,1.248
19.444,1.248
19.448,1.097
19.452,0.835
19.456,0.472
19.460,0.037
19.464,-0.530
19.468,-1.103
19.472,-1.613
19.476,-1.948
19.480,-2.132
19.484,-2.132
19.488,-1.990
19.492,-1.728
19.496,-1.367
19.500,-0.912
19.504,-0.372
19.508,0.212
19.512,0.690
19.516,1.038
19.520,1.210
19.524,1.032
19.528,0.430
19.532,-0.005
19.536,-0.562
19.540,-1.133
19.544,-1.617
19.548,-1.952
19.552,-2.135
19.556,-2.138
19.560,-1.982
19.564,-1.712
19.568,-1.353
19.572,-0.900
19.576,-0.350
19.580,0.223
19.584,0.708
19.588,1.050
19.592,1.220
19.596,1.222
19.600,0.750
19.604,-0.010
19.608,-0.562
19.612,-1.133
19.616,-1.620
19.620,-1.968
19.624,-2.143
19.628,-2.138
19.632,-1.992
19.636,-1.732
19.640,-1.377
19.644,-0.915
19.648,-0.378
19.652,0.217
19.656,0.677
19.660,1.018
19.664,1.195
19.668,1.192
19.672,1.038
19.676,0.757
19.680,-0.130
19.684,-0.603
19.688,-1.175
19.692,-1.657
19.696,-2.002
19.700,-2.180
19.704,-2.178
19.708,-2.022
19.712,-1.762
19.716,-1.390
19.720,-0.935
19.724,-0.388
19.728,0.188
19.732,0.662
19.736,1.005
19.740,1.188
19.744,1.192
19.748,1.048
19.752,0.787
19.756,0.435
19.760,-0.657
19.764,-1.133
19.768,-1.620
19.772,-1.952
19.776,-2.138
19.780,-2.138
19.784,-1.992
19.788,-1.728
19.792,-1.377
19.796,-0.927
19.800,-0.378
19.804,0.193
19.808,0.682
19.812,1.022
19.816,1.198
19.820,1.208
19.824,1.058
19.828,0.780
19.832,0.427
19.836,-0.018
19.840,-1.228
19.844,-1.663
19.848,-1.992
19.852,-2.192
19.856,-2.150
19.860,-2.013
19.864,-1.740
19.868,-1.387
19.872,-0.917
19.876,-0.378
19.880,0.207
19.884,0.690
19.888,1.030
19.892,1.210
19.896,1.210
19.900,1.055
19.904,0.785
19.908,0.432
19.912,-0.022
19.916,-0.583
19.920,-1.705
19.924,-2.152
19.928,-2.147
19.932,-1.988
19.936,-1.708
19.940,-1.337
19.944,-0.895
19.948,-0.347
19.952,0.220
19.956,0.693
19.960,1.032
19.964,1.215
19.968,1.215
19.972,1.067
19.976,0.790
19.980,0.438
19.984,-0.015
19.988,-0.580
19.992,-1.298
19.996,-1.673
20.000,-2.197
20.004,-2.175
20.008,-2.013
20.012,-1.728
20.016,-0.890
20.020,-0.362
20.024,0.217
20.028,0.703
20.032,1.038
20.036,1.220
20.040,1.218
20.044,1.067
20.048,0.792
20.052,0.435
20.056,-0.022
20.060,-0.568
20.064,-1.133
20.068,-1.623
20.072,-1.952
20.076,-2.135
20.080,-1.938
20.084,-1.702
20.088,-1.353
20.092,-0.905
20.096,-0.352
20.100,0.223
20.104,0.698
20.108,1.038
20.112,1.218
20.116,1.210
20.120,1.060
20.124,0.782
20.128,0.427
20.132,-0.028
20.136,-0.593
20.140,-1.163
20.144,-1.643
20.148,-1.982
20.152,-2.150
20.156,-2.172
20.160,-1.692
20.164,-0.900
20.168,-0.352
20.172,0.220
20.176,0.708
20.180,1.048
20.184,1.228
20.188,1.230
20.192,1.073
20.196,0.792
20.200,0.432
20.204,-0.028
20.208,-0.583
20.212,-1.153
20.216,-1.650
20.220,-1.988
20.224,-2.167
20.228,-2.163
20.232,-2.013
20.236,-1.738
20.240,-0.840
20.244,-0.388
20.248,0.228
20.252,0.685
20.256,1.030
20.260,1.208
20.264,1.208
20.268,1.062
20.272,0.787
20.276,0.422
20.280,-0.018
20.284,-0.573
20.288,-1.133
20.292,-1.613
20.296,-1.948
20.300,-2.132
20.304,-2.125
20.308,-1.980
20.312,-1.712
20.316,-1.367
20.320,-0.258
20.324,0.217
20.328,0.698
20.332,1.032
20.336,1.212
20.340,1.212
20.344,1.060
20.348,0.787
20.352,0.432
20.356,-0.022
20.360,-0.590
20.364,-1.167
20.368,-1.657
20.372,-1.998
20.376,-2.180
20.380,-2.172
20.384,-2.013
20.388,-1.735
20.392,-1.383
20.396,-0.912
20.400,0.278
20.404,0.740
20.408,1.028
20.412,1.188
20.416,1.188
20.420,1.005
20.424,0.755
20.428,0.422
20.432,-0.043
20.436,-0.583
20.440,-1.137
20.444,-1.620
20.448,-1.942
20.452,-2.112
20.456,-2.107
20.460,-1.962
20.464,-1.692
20.468,-1.347
20.472,-0.868
20.476,-0.323
20.480,0.782
20.484,1.048
20.488,1.222
20.492,1.218
20.496,1.062
20.500,0.782
20.504,0.427
20.508,-0.045
20.512,-0.595
20.516,-1.167
20.520,-1.657
20.524,-2.002
20.528,-2.172
20.532,-2.167
20.536,-2.005
20.540,-1.725
20.544,-1.373
20.548,-0.892
20.552,-0.343
20.556,0.228
20.560,1.087
20.564,1.215
20.568,1.212
20.572,1.060
20.576,0.785
20.580,0.448
20.584,-0.028
20.588,-0.583
20.592,-1.163
20.596,-1.647
20.600,-1.988
20.604,-2.167
20.608,-2.165
20.612,-2.013
20.616,-1.728
20.620,-1.383
20.624,-0.907
20.628,-0.367
20.632,0.207
20.636,0.688
20.640,1.220
20.644,1.212
20.648,1.058
20.652,0.780
20.656,0.435
20.660,-0.035
20.664,-0.588
20.668,-1.163
20.672,-1.647
20.676,-1.982
20.680,-2.152
20.684,-2.147
20.688,-2.002
20.692,-1.732
20.696,-1.383
20.700,-0.902
20.704,-0.362
20.708,0.212
20.712,0.682
20.716,1.018
20.720,1.173
20.724,1.028
20.728,0.750
20.732,0.398
20.736,-0.068
20.740,-0.618
20.744,-1.183
20.748,-1.667
20.752,-2.007
20.756,-2.178
20.760,-2.175
20.764,-2.018
20.768,-1.742
20.772,-1.390
20.776,-0.922
20.780,-0.372
20.784,0.203
20.788,0.670
20.792,1.028
20.796,1.192
20.800,1.010
20.804,0.752
20.808,0.427
20.812,-0.043
20.816,-0.667
20.820,-1.288
20.824,-1.657
20.828,-1.968
20.832,-2.147
20.836,-2.138
20.840,-1.985
20.844,-1.702
20.848,-1.367
20.852,-0.892
20.856,-0.338
20.860,0.223
20.864,0.700
20.868,1.030
20.872,1.198
20.876,1.188
20.880,0.695
20.884,0.388
20.888,-0.083
20.892,-0.647
20.896,-1.200
20.900,-1.667
20.904,-1.988
20.908,-2.167
20.912,-2.152
20.916,-2.013
20.920,-1.732
20.924,-1.383
20.928,-0.912
20.932,-0.372
20.936,0.207
20.940,0.672
20.944,1.012
20.948,1.180
20.952,1.177
20.956,1.018
20.960,0.318
20.964,-0.698
20.968,-1.192
20.972,-1.675
20.976,-2.018
20.980,-2.180
20.984,-2.172
20.988,-2.015
20.992,-1.732
20.996,-1.373
21.000,-0.895
21.004,-0.352
21.008,0.217
21.012,0.698
21.016,1.030
21.020,1.192
21.024,1.188
21.028,1.032
21.032,0.752
21.036,0.398
21.040,-0.738
21.044,-1.312
21.048,-1.702
21.052,-2.007
21.056,-2.180
21.060,-2.172
21.064,-2.013
21.068,-1.740
21.072,-1.387
21.076,-0.907
21.080,-0.370
21.084,0.207
21.088,0.685
21.092,1.018
21.096,1.192
21.100,1.183
21.104,1.020
21.108,0.743
21.112,0.393
21.116,-0.085
21.120,-1.308
21.124,-1.700
21.128,-2.033
21.132,-2.192
21.136,-2.190
21.140,-2.033
21.144,-1.765
21.148,-1.390
21.152,-0.912
21.156,-0.360
21.160,0.225
21.164,0.708
21.168,1.060
21.172,1.232
21.176,1.222
21.180,1.067
21.184,0.787
21.188,0.425
21.192,-0.058
21.196,-0.615
21.200,-1.780
21.204,-1.992
21.208,-2.170
21.212,-2.167
21.216,-2.015
21.220,-1.732
21.224,-1.383
21.228,-0.902
21.232,-0.352
21.236,0.220
21.240,0.693
21.244,1.022
21.248,1.205
21.252,1.192
21.256,1.038
21.260,0.770
21.264,0.412
21.268,-0.072
21.272,-0.623
21.276,-1.190
21.280,-2.038
21.284,-2.167
21.288,-2.147
21.292,-1.992
21.296,-1.708
21.300,-1.347
21.304,-0.873
21.308,-0.330
21.312,0.247
21.316,0.720
21.320,1.040
21.324,1.215
21.328,1.198
21.332,1.048
21.336,0.777
21.340,0.422
21.344,-0.048
21.348,-0.590
21.352,-1.167
21.356,-1.653
21.360,-2.178
21.364,-2.167
21.368,-2.007
21.372,-1.732
21.376,-1.375
21.380,-0.897
21.384,-0.343
21.388,0.230
21.392,0.708
21.396,1.050
21.400,1.222
21.404,1.222
21.408,1.062
21.412,0.782
21.416,0.422
21.420,-0.068
21.424,-0.642
21.428,-1.192
21.432,-1.690
21.436,-2.018
21.440,-2.163
21.444,-1.962
21.448,-1.712
21.452,-1.367
21.456,-0.892
21.460,-0.323
21.464,0.253
21.468,0.718
21.472,1.048
21.476,1.222
21.480,1.218
21.484,1.052
21.488,0.772
21.492,0.417
21.496,-0.068
21.500,-0.642
21.504,-1.202
21.508,-1.673
21.512,-2.002
21.516,-2.172
21.520,-1.968
21.524,-1.712
21.528,-1.367
21.532,-0.900
21.536,-0.338
21.540,0.228
21.544,0.695
21.548,1.028
21.552,1.198
21.556,1.198
21.560,1.035
21.564,0.738
21.568,0.410
21.572,-0.052
21.576,-0.627
21.580,-1.192
21.584,-1.683
21.588,-2.025
21.592,-2.183
21.596,-2.170
21.600,-1.683
21.604,-1.383
21.608,-0.902
21.612,-0.338
21.616,0.225
21.620,0.708
21.624,1.058
21.628,1.228
21.632,1.218
21.636,1.060
21.640,0.777
21.644,0.415
21.648,-0.060
21.652,-0.642
21.656,-1.190
21.660,-1.673
21.664,-2.015
21.668,-2.183
21.672,-2.172
21.676,-2.010
21.680,-1.238
21.684,-0.292
21.688,0.223
21.692,0.695
21.696,1.028
21.700,1.205
21.704,1.195
21.708,1.038
21.712,0.780
21.716,0.422
21.720,-0.043
21.724,-0.618
21.728,-1.177
21.732,-1.667
21.736,-1.988
21.740,-2.172
21.744,-2.163
21.748,-2.007
21.752,-1.732
21.756,-1.383
21.760,-0.258
21.764,0.693
21.768,1.022
21.772,1.188
21.776,1.180
21.780,1.025
21.784,0.743
21.788,0.393
21.792,-0.068
21.796,-0.647
21.800,-1.208
21.804,-1.688
21.808,-2.018
21.812,-2.180
21.816,-2.180
21.820,-2.018
21.824,-1.740
21.828,-1.380
21.832,-0.907
21.836,-0.343
21.840,0.767
21.844,1.090
21.848,1.210
21.852,1.208
21.856,1.052
21.860,0.770
21.864,0.410
21.868,-0.060
21.872,-0.647
21.876,-1.208
21.880,-1.688
21.884,-2.013
21.888,-2.183
21.892,-2.167
21.896,-2.013
21.900,-1.732
21.904,-1.380
21.908,-0.912
21.912,-0.350
21.916,0.217
21.920,1.060
21.924,1.188
21.928,1.190
21.932,1.035
21.936,0.755
21.940,0.407
21.944,-0.052
21.948,-0.660
21.952,-1.183
21.956,-1.660
21.960,-1.988
21.964,-2.152
21.968,-2.135
21.972,-1.970
21.976,-1.692
21.980,-1.333
21.984,-0.858
21.988,-0.287
21.992,0.268
21.996,0.733
22.000,1.232
22.004,1.218
22.008,1.067
22.012,0.792
22.016,0.427
22.020,-0.033
22.024,-0.613
22.028,-1.177
22.032,-1.660
22.036,-1.992
22.040,-2.167
22.044,-2.165
22.048,-2.005
22.052,-1.725
22.056,-1.367
22.060,-0.897
22.064,-0.302
22.068,0.237
22.072,0.708
22.076,1.038
22.080,1.177
22.084,1.035
22.088,0.757
22.092,0.422
22.096,-0.052
22.100,-0.625
22.104,-1.183
22.108,-1.657
22.112,-1.988
22.116,-2.163
22.120,-2.143
22.124,-1.982
22.128,-1.698
22.132,-1.343
22.136,-0.863
22.140,-0.295
22.144,0.258
22.148,0.720
22.152,1.052
22.156,1.215
22.160,1.005
22.164,0.733
22.168,0.398
22.172,-0.122
22.176,-0.662
22.180,-1.205
22.184,-1.683
22.188,-2.007
22.192,-2.172
22.196,-2.163
22.200,-2.005
22.204,-1.718
22.208,-1.367
22.212,-0.892
22.216,-0.328
22.220,0.250
22.224,0.718
22.228,1.052
22.232,1.218
22.236,1.198
22.240,0.708
22.244,0.412
22.248,-0.058
22.252,-0.642
22.256,-1.183
22.260,-1.663
22.264,-1.992
22.268,-2.163
22.272,-2.152
22.276,-1.988
22.280,-1.712
22.284,-1.347
22.288,-0.890
22.292,-0.333
22.296,0.233
22.300,0.708
22.304,1.032
22.308,1.212
22.312,1.192
22.316,1.032
22.320,0.340
22.324,-0.062
22.328,-0.652
22.332,-1.202
22.336,-1.708
22.340,-2.013
22.344,-2.172
22.348,-2.165
22.352,-2.007
22.356,-1.728
22.360,-1.353
22.364,-0.897
22.368,-0.330
22.372,0.233
22.376,0.703
22.380,1.030
22.384,1.202
22.388,1.192
22.392,1.032
22.396,0.757
22.400,-0.138
22.404,-1.202
22.408,-1.667
22.412,-2.007
22.416,-2.172
22.420,-2.163
22.424,-2.002
22.428,-1.718
22.432,-1.353
22.436,-0.887
22.440,-0.325
22.444,0.250
22.448,0.728
22.452,1.055
22.456,1.218
22.460,1.210
22.464,1.052
22.468,0.767
22.472,0.417
22.476,-0.050
22.480,-1.262
22.484,-1.653
22.488,-1.972
22.492,-2.143
22.496,-2.130
22.500,-1.975
22.504,-1.700
22.508,-1.347
22.512,-0.882
22.516,-0.330
22.520,0.255
22.524,0.713
22.528,1.038
22.532,1.212
22.536,1.198
22.540,1.038
22.544,0.757
22.548,0.417
22.552,-0.062
22.556,-0.627
22.560,-1.732
22.564,-1.992
22.568,-2.167
22.572,-2.150
22.576,-1.992
22.580,-1.722
22.584,-1.367
22.588,-0.897
22.592,-0.343
22.596,0.237
22.600,0.708
22.604,1.032
22.608,1.210
22.612,1.192
22.616,1.028
22.620,0.750
22.624,0.412
22.628,-0.058
22.632,-0.610
22.636,-1.200
22.640,-2.033
22.644,-2.163
22.648,-2.140
22.652,-1.980
22.656,-1.708
22.660,-1.347
22.664,-0.865
22.668,-0.323
22.672,0.273
22.676,0.738
22.680,1.062
22.684,1.225
22.688,1.218
22.692,1.055
22.696,0.775
22.700,0.417
22.704,-0.060
22.708,-0.620
22.712,-1.202
22.716,-1.673
22.720,-2.178
22.724,-2.140
22.728,-1.980
22.732,-1.708
22.736,-1.343
22.740,-0.868
22.744,-0.323
22.748,0.268
22.752,0.713
22.756,1.028
22.760,1.198
22.764,1.185
22.768,1.028
22.772,0.752
22.776,0.410
22.780,-0.062
22.784,-0.618
22.788,-1.192
22.792,-1.660
22.796,-1.982
22.800,-2.103
22.804,-1.900
22.808,-1.655
22.812,-1.308
22.816,-0.843
22.820,-0.292
22.824,0.273
22.828,0.730
22.832,1.052
22.836,1.210
22.840,1.190
22.844,1.028
22.848,0.748
22.852,0.398
22.856,-0.072
22.860,-0.652
22.864,-1.225
22.868,-1.692
22.872,-2.010
22.876,-2.170
22.880,-1.942
22.884,-1.698
22.888,-1.343
22.892,-0.860
22.896,-0.297
22.900,0.282
22.904,0.738
22.908,1.075
22.912,1.240
22.916,1.232
22.920,1.073
22.924,0.787
22.928,0.432
22.932,-0.043
22.936,-0.613
22.940,-1.192
22.944,-1.665
22.948,-2.002
22.952,-2.163
22.956,-2.143
22.960,-1.643
22.964,-1.333
22.968,-0.858
22.972,-0.287
22.976,0.292
22.980,0.750
22.984,1.077
22.988,1.235
22.992,1.218
22.996,1.058
23.000,0.772
23.004,0.407
23.008,-0.070
23.012,-0.650
23.016,-1.222
23.020,-1.695
23.024,-2.010
23.028,-2.170
23.032,-2.152
23.036,-1.985
23.040,-1.248
23.044,-0.843
23.048,-0.273
23.052,0.300
23.056,0.752
23.060,1.077
23.064,1.245
23.068,1.222
23.072,1.050
23.076,0.767
23.080,0.410
23.084,-0.058
23.088,-0.623
23.092,-1.208
23.096,-1.663
23.100,-1.988
23.104,-2.152
23.108,-2.138
23.112,-1.978
23.116,-1.683
23.120,-0.752
23.124,-0.282
23.128,0.292
23.132,0.750
23.136,1.137
23.140,1.238
23.144,1.218
23.148,1.052
23.152,0.757
23.156,0.393
23.160,-0.083
23.164,-0.650
23.168,-1.218
23.172,-1.685
23.176,-2.013
23.180,-2.172
23.184,-2.167
23.188,-1.992
23.192,-1.712
23.196,-1.355
23.200,-0.212
23.204,0.730
23.208,1.062
23.212,1.220
23.216,1.212
23.220,1.052
23.224,0.777
23.228,0.425
23.232,-0.048
23.236,-0.608
23.240,-1.177
23.244,-1.655
23.248,-1.980
23.252,-2.147
23.256,-2.132
23.260,-1.972
23.264,-1.692
23.268,-1.333
23.272,-0.860
23.276,-0.300
23.280,0.785
23.284,1.055
23.288,1.218
23.292,1.202
23.296,1.038
23.300,0.752
23.304,0.388
23.308,-0.083
23.312,-0.652
23.316,-1.228
23.320,-1.698
23.324,-2.018
23.328,-2.172
23.332,-2.152
23.336,-1.988
23.340,-1.708
23.344,-1.347
23.348,-0.868
23.352,-0.302
23.356,0.265
23.360,1.100
23.364,1.222
23.368,1.212
23.372,1.052
23.376,0.772
23.380,0.415
23.384,-0.058
23.388,-0.618
23.392,-1.192
23.396,-1.663
23.400,-1.992
23.404,-2.167
23.408,-2.160
23.412,-1.995
23.416,-1.725
23.420,-1.367
23.424,-0.887
23.428,-0.328
23.432,0.258
23.436,0.715
23.440,1.222
23.444,1.202
23.448,1.050
23.452,0.757
23.456,0.393
23.460,-0.072
23.464,-0.650
23.468,-1.225
23.472,-1.700
23.476,-2.022
23.480,-2.185
23.484,-2.172
23.488,-2.005
23.492,-1.712
23.496,-1.347
23.500,-0.805
23.504,-0.268
23.508,0.290
23.512,0.743
23.516,1.077
23.520,1.192
23.524,0.770
23.528,0.435
23.532,-0.020
23.536,-0.578
23.540,-1.150
23.544,-1.623
23.548,-1.948
23.552,-2.112
23.556,-2.098
23.560,-1.942
23.564,-1.667
23.568,-1.308
23.572,-0.843
23.576,-0.273
23.580,0.287
23.584,0.767
23.588,1.093
23.592,1.258
23.596,1.245
23.600,0.738
23.604,0.430
23.608,-0.048
23.612,-0.615
23.616,-1.188
23.620,-1.692
23.624,-2.013
23.628,-2.178
23.632,-2.167
23.636,-2.005
23.640,-1.725
23.644,-1.363
23.648,-0.873
23.652,-0.323
23.656,0.253
23.660,0.728
23.664,1.048
23.668,1.208
23.672,1.198
23.676,1.038
23.680,0.343
23.684,-0.058
23.688,-0.625
23.692,-1.188
23.696,-1.677
23.700,-2.002
23.704,-2.167
23.708,-2.147
23.712,-1.990
23.716,-1.708
23.720,-1.353
23.724,-0.882
23.728,-0.328
23.732,0.245
23.736,0.708
23.740,1.028
23.744,1.192
23.748,1.177
23.752,1.012
23.756,0.743
23.760,-0.163
23.764,-0.752
23.768,-1.705
23.772,-1.985
23.776,-2.140
23.780,-2.123
23.784,-1.952
23.788,-1.667
23.792,-1.310
23.796,-0.843
23.800,-0.270
23.804,0.292
23.808,0.765
23.812,1.067
23.816,1.222
23.820,1.195
23.824,1.035
23.828,0.748
23.832,0.388
23.836,-0.098
23.840,-1.323
23.844,-2.013
23.848,-2.165
23.852,-2.140
23.856,-1.975
23.860,-1.692
23.864,-1.333
23.868,-0.868
23.872,-0.305
23.876,0.250
23.880,0.735
23.884,1.032
23.888,1.192
23.892,1.180
23.896,1.015
23.900,0.738
23.904,0.372
23.908,-0.087
23.912,-0.652
23.916,-1.218
23.920,-2.060
23.924,-2.178
23.928,-2.163
23.932,-1.992
23.936,-1.718
23.940,-1.353
23.944,-0.882
23.948,-0.328
23.952,0.253
23.956,0.718
23.960,1.035
23.964,1.188
23.968,1.167
23.972,1.008
23.976,0.733
23.980,0.383
23.984,-0.090
23.988,-0.652
23.992,-1.208
23.996,-1.673
24.000,-2.150
24.004,-2.132
24.008,-1.970
24.012,-1.690
24.016,-1.337
24.020,-0.865
24.024,-0.297
24.028,0.263
24.032,0.740
24.036,1.060
24.040,1.232
24.044,1.225
24.048,1.065
24.052,0.782
24.056,0.432
24.060,-0.048
24.064,-0.623
24.068,-1.202
24.072,-1.698
24.076,-2.020
24.080,-2.145
24.084,-1.992
24.088,-1.705
24.092,-1.343
24.096,-0.863
24.100,-0.295
24.104,0.268
24.108,0.743
24.112,1.062
24.116,1.222
24.120,1.208
24.124,1.038
24.128,0.757
24.132,0.407
24.136,-0.060
24.140,-0.623
24.144,-1.183
24.148,-1.663
24.152,-1.988
24.156,-2.147
24.160,-1.938
24.164,-1.695
24.168,-1.343
24.172,-0.882
24.176,-0.328
24.180,0.233
24.184,0.705
24.188,1.030
24.192,1.198
24.196,1.188
24.200,1.025
24.204,0.745
24.208,0.393
24.212,-0.075
24.216,-0.652
24.220,-1.208
24.224,-1.688
24.228,-2.002
24.232,-2.163
24.236,-2.140
24.240,-1.643
24.244,-1.238
24.248,-0.843
24.252,-0.290
24.256,0.287
24.260,0.752
24.264,1.073
24.268,1.228
24.272,1.202
24.276,1.030
24.280,0.748
24.284,0.385
24.288,-0.083
24.292,-0.682
24.296,-1.212
24.300,-1.692
24.304,-2.005
24.308,-2.163
24.312,-2.132
24.316,-1.968
24.320,-1.232
24.324,-0.843
24.328,-0.273
24.332,0.275
24.336,0.740
24.340,1.058
24.344,1.215
24.348,1.188
24.352,1.022
24.356,0.735
24.360,0.378
24.364,-0.092
24.368,-0.662
24.372,-1.220
24.376,-1.698
24.380,-2.018
24.384,-2.175
24.388,-2.152
24.392,-1.988
24.396,-1.708
24.400,-0.782
24.404,-0.307
24.408,0.258
24.412,0.728
24.416,1.052
24.420,1.220
24.424,1.208
24.428,1.038
24.432,0.757
24.436,0.400
24.440,-0.072
24.444,-0.627
24.448,-1.202
24.452,-1.688
24.456,-2.007
24.460,-2.163
24.464,-2.143
24.468,-1.978
24.472,-1.698
24.476,-1.343
24.480,-0.212
24.484,0.258
24.488,0.730
24.492,1.058
24.496,1.210
24.500,1.188
24.504,1.020
24.508,0.745
24.512,0.388
24.516,-0.092
24.520,-0.667
24.524,-1.222
24.528,-1.702
24.532,-2.027
24.536,-2.183
24.540,-2.165
24.544,-1.992
24.548,-1.698
24.552,-1.333
24.556,-0.845
24.560,0.372
24.564,1.073
24.568,1.220
24.572,1.198
24.576,1.022
24.580,0.733
24.584,0.378
24.588,-0.102
24.592,-0.675
24.596,-1.238
24.600,-1.715
24.604,-2.033
24.608,-2.190
24.612,-2.172
24.616,-2.002
24.620,-1.708
24.624,-1.345
24.628,-0.868
24.632,-0.297
24.636,0.268
24.640,1.105
24.644,1.220
24.648,1.058
24.652,0.757
24.656,0.420
24.660,-0.058
24.664,-0.623
24.668,-1.202
24.672,-1.692
24.676,-2.027
24.680,-2.183
24.684,-2.178
24.688,-2.013
24.692,-1.722
24.696,-1.365
24.700,-0.882
24.704,-0.320
24.708,0.253
24.712,0.730
24.716,1.067
24.720,1.188
24.724,1.038
24.728,0.765
24.732,0.410
24.736,-0.062
24.740,-0.647
24.744,-1.212
24.748,-1.683
24.752,-2.013
24.756,-2.152
24.760,-2.140
24.764,-1.978
24.768,-1.702
24.772,-1.345
24.776,-0.882
24.780,-0.325
24.784,0.237
24.788,0.708
24.792,1.058
24.796,1.208
24.800,0.995
24.804,0.748
24.808,0.398
24.812,-0.075
24.816,-0.657
24.820,-1.220
24.824,-1.700
24.828,-2.033
24.832,-2.190
24.836,-2.170
24.840,-2.005
24.844,-1.708
24.848,-1.343
24.852,-0.860
24.856,-0.302
24.860,0.263
24.864,0.738
24.868,1.062
24.872,1.218
24.876,1.212
24.880,0.703
24.884,0.398
24.888,-0.090
24.892,-0.667
24.896,-1.238
24.900,-1.722
24.904,-2.060
24.908,-2.212
24.912,-2.190
24.916,-2.022
24.920,-1.738
24.924,-1.380
24.928,-0.897
24.932,-0.343
24.936,0.223
24.940,0.698
24.944,1.025
24.948,1.183
24.952,1.167
24.956,1.008
24.960,0.302
24.964,-0.092
24.968,-0.662
24.972,-1.218
24.976,-1.698
24.980,-2.022
24.984,-2.172
24.988,-2.163
24.992,-1.992
24.996,-1.712
25.000,-1.353
25.004,-0.880
25.008,-0.325
25.012,0.237
25.016,0.703
25.020,1.028
25.024,1.177
25.028,1.167
25.032,1.010
25.036,0.738
25.040,-0.177
25.044,-0.677
25.048,-1.250
25.052,-1.673
25.056,-1.990
25.060,-2.143
25.064,-2.127
25.068,-1.952
25.072,-1.683
25.076,-1.333
25.080,-0.858
25.084,-0.300
25.088,0.263
25.092,0.728
25.096,1.055
25.100,1.210
25.104,1.183
25.108,1.025
25.112,0.748
25.116,0.378
25.120,-0.762
25.124,-1.225
25.128,-1.702
25.132,-2.027
25.136,-2.172
25.140,-2.147
25.144,-1.978
25.148,-1.698
25.152,-1.333
25.156,-0.860
25.160,-0.297
25.164,0.263
25.168,0.728
25.172,1.058
25.176,1.220
25.180,1.208
25.184,1.048
25.188,0.757
25.192,0.412
25.196,-0.068
25.200,-1.323
25.204,-1.817
25.208,-2.203
25.212,-2.178
25.216,-2.007
25.220,-1.718
25.224,-1.347
25.228,-0.863
25.232,-0.300
25.236,0.263
25.240,0.738
25.244,1.073
25.248,1.222
25.252,1.215
25.256,1.050
25.260,0.757
25.264,0.398
25.268,-0.072
25.272,-0.657
25.276,-1.212
25.280,-2.042
25.284,-2.132
25.288,-1.962
25.292,-1.673
25.296,-1.312
25.300,-0.833
25.304,-0.282
25.308,0.278
25.312,0.743
25.316,1.067
25.320,1.218
25.324,1.208
25.328,1.038
25.332,0.750
25.336,0.393
25.340,-0.087
25.344,-0.660
25.348,-1.222
25.352,-1.690
25.356,-2.018
25.360,-2.123
25.364,-1.970
25.368,-1.685
25.372,-1.325
25.376,-0.848
25.380,-0.278
25.384,0.292
25.388,0.750
25.392,1.073
25.396,1.228
25.400,1.215
25.404,1.055
25.408,0.772
25.412,0.420
25.416,-0.048
25.420,-0.610
25.424,-1.220
25.428,-1.647
25.432,-1.955
25.436,-2.105
25.440,-1.883
25.444,-1.647
25.448,-1.262
25.452,-0.828
25.456,-0.273
25.460,0.280
25.464,0.740
25.468,1.067
25.472,1.225
25.476,1.208
25.480,1.038
25.484,0.755
25.488,0.398
25.492,-0.083
25.496,-0.652
25.500,-1.210
25.504,-1.692
25.508,-2.013
25.512,-2.167
25.516,-2.143
25.520,-1.643
25.524,-1.333
25.528,-0.853
25.532,-0.290
25.536,0.290
25.540,0.748
25.544,1.065
25.548,1.218
25.552,1.202
25.556,1.030
25.560,0.748
25.564,0.385
25.568,-0.092
25.572,-0.670
25.576,-1.225
25.580,-1.698
25.584,-2.022
25.588,-2.180
25.592,-2.167
25.596,-2.007
25.600,-1.260
25.604,-0.858
25.608,-0.292
25.612,0.273
25.616,0.738
25.620,1.062
25.624,1.215
25.628,1.192
25.632,1.028
25.636,0.745
25.640,0.388
25.644,-0.092
25.648,-0.665
25.652,-1.218
25.656,-1.685
25.660,-1.992
25.664,-2.145
25.668,-2.112
25.672,-1.938
25.676,-1.650
25.680,-0.723
25.684,-0.263
25.688,0.297
25.692,0.757
25.696,1.077
25.700,1.228
25.704,1.198
25.708,1.032
25.712,0.743
25.716,0.388
25.720,-0.083
25.724,-0.650
25.728,-1.192
25.732,-1.663
25.736,-1.978
25.740,-2.130
25.744,-2.098
25.748,-1.930
25.752,-1.643
25.756,-1.268
25.760,-0.163
25.764,0.302
25.768,0.745
25.772,1.058
25.776,1.212
25.780,1.190
25.784,1.018
25.788,0.738
25.792,0.367
25.796,-0.110
25.800,-0.688
25.804,-1.232
25.808,-1.708
25.812,-2.025
25.816,-2.175
25.820,-2.140
25.824,-1.978
25.828,-1.688
25.832,-1.312
25.836,-0.845
