Czas(s),EKG_Surowe(mV),PPG_Surowe(ADC)
0.000,1.383,3117
0.001,1.373,3117
0.002,1.173,3117
0.003,0.828,3117
0.004,0.380,3117
0.005,-0.107,3117
0.006,-0.642,3120
0.007,-1.167,3120
0.008,-1.633,3120
0.009,-1.962,3120
0.010,-2.123,3120
0.011,-2.112,3120
0.012,-1.907,3120
0.013,-1.567,3120
0.014,-1.097,3120
0.015,-0.605,3120
0.016,-0.072,3118
0.017,0.460,3118
0.018,0.917,3118
0.019,1.238,3118
0.020,1.347,3118
0.021,1.153,3118
0.022,0.792,3118
0.023,0.350,3118
0.024,-0.168,3118
0.025,-0.682,3098
0.026,-1.218,3098
0.027,-1.673,3098
0.028,-1.988,3098
0.029,-2.145,3098
0.030,-2.100,3098
0.031,-1.907,3098
0.032,-1.567,3098
0.033,-1.107,3098
0.034,-0.618,3098
0.035,-0.102,3113
0.036,0.430,3113
0.037,0.890,3113
0.038,1.210,3113
0.039,1.377,3113
0.040,1.097,3113
0.041,0.792,3113
0.042,0.357,3113
0.043,-0.128,3113
0.044,-0.652,3117
0.045,-1.177,3117
0.046,-1.643,3117
0.047,-1.962,3117
0.048,-2.112,3117
0.049,-2.092,3117
0.050,-1.890,3117
0.051,-1.540,3117
0.052,-1.090,3117
0.053,-0.603,3117
0.054,-0.083,3134
0.055,0.458,3134
0.056,0.912,3134
0.057,1.232,3134
0.058,1.393,3134
0.059,1.375,3134
0.060,0.740,3134
0.061,0.352,3134
0.062,-0.138,3134
0.063,-0.667,3133
0.064,-1.210,3133
0.065,-1.657,3133
0.066,-1.978,3133
0.067,-2.130,3133
0.068,-2.107,3133
0.069,-1.923,3133
0.070,-1.562,3133
0.071,-1.103,3133
0.072,-0.618,3133
0.073,-0.100,3138
0.074,0.438,3138
0.075,0.902,3138
0.076,1.220,3138
0.077,1.385,3138
0.078,1.370,3138
0.079,1.153,3138
0.080,0.253,3138
0.081,-0.180,3138
0.082,-0.723,3141
0.083,-1.225,3141
0.084,-1.738,3141
0.085,-2.058,3141
0.086,-2.140,3141
0.087,-2.107,3141
0.088,-1.907,3141
0.089,-1.552,3141
0.090,-1.100,3141
0.091,-0.610,3141
0.092,-0.077,3161
0.093,0.458,3161
0.094,0.915,3161
0.095,1.228,3161
0.096,1.380,3161
0.097,1.357,3161
0.098,1.143,3161
0.099,0.782,3161
0.100,-0.247,3161
0.101,-0.688,3146
0.102,-1.220,3146
0.103,-1.683,3146
0.104,-1.995,3146
0.105,-2.138,3146
0.106,-2.107,3146
0.107,-1.893,3146
0.108,-1.540,3146
0.109,-1.073,3146
0.110,-0.573,3146
0.111,-0.048,3107
0.112,0.497,3107
0.113,0.943,3107
0.114,1.262,3107
0.115,1.415,3107
0.116,1.383,3107
0.117,1.170,3107
0.118,0.812,3107
0.119,0.357,3107
0.120,-0.777,3138
0.121,-1.712,3138
0.122,-2.015,3138
0.123,-2.147,3138
0.124,-2.107,3138
0.125,-1.887,3138
0.126,-1.512,3138
0.127,-1.062,3138
0.128,-0.570,3138
0.129,-0.048,3127
0.130,0.497,3127
0.131,0.945,3127
0.132,1.258,3127
0.133,1.410,3127
0.134,1.380,3127
0.135,1.157,3127
0.136,0.795,3127
0.137,0.347,3127
0.138,-0.142,3127
0.139,-0.680,3141
0.140,-1.735,3141
0.141,-1.982,3141
0.142,-2.127,3141
0.143,-2.092,3141
0.144,-1.867,3141
0.145,-1.512,3141
0.146,-1.052,3141
0.147,-0.537,3141
0.148,-0.022,3132
0.149,0.512,3132
0.150,0.975,3132
0.151,1.272,3132
0.152,1.423,3132
0.153,1.383,3132
0.154,1.167,3132
0.155,0.787,3132
0.156,0.347,3132
0.157,-0.163,3132
0.158,-0.698,3116
0.159,-1.238,3116
0.160,-2.022,3116
0.161,-2.130,3116
0.162,-2.100,3116
0.163,-1.887,3116
0.164,-1.528,3116
0.165,-1.062,3116
0.166,-0.565,3116
0.167,-0.048,3128
0.168,0.502,3128
0.169,0.945,3128
0.170,1.258,3128
0.171,1.407,3128
0.172,1.370,3128
0.173,1.147,3128
0.174,0.772,3128
0.175,0.312,3128
0.176,-0.172,3128
0.177,-0.703,3123
0.178,-1.242,3123
0.179,-1.690,3123
0.180,-2.135,3123
0.181,-2.092,3123
0.182,-1.875,3123
0.183,-1.512,3123
0.184,-1.050,3123
0.185,-0.547,3123
0.186,-0.028,3123
0.187,0.507,3130
0.188,0.955,3130
0.189,1.258,3130
0.190,1.410,3130
0.191,1.370,3130
0.192,1.143,3130
0.193,0.772,3130
0.194,0.302,3130
0.195,-0.180,3130
0.196,-0.725,3130
0.197,-1.255,3123
0.198,-1.722,3123
0.199,-2.013,3123
0.200,-2.083,3123
0.201,-1.823,3123
0.202,-1.498,3123
0.203,-1.010,3123
0.204,-0.540,3123
0.205,-0.022,3123
0.206,0.510,3108
0.207,0.978,3108
0.208,1.268,3108
0.209,1.407,3108
0.210,1.373,3108
0.211,1.143,3108
0.212,0.767,3108
0.213,0.307,3108
0.214,-0.188,3108
0.215,-0.713,3108
0.216,-1.238,3131
0.217,-1.708,3131
0.218,-2.002,3131
0.219,-2.132,3131
0.220,-1.815,3131
0.221,-1.495,3131
0.222,-1.018,3131
0.223,-0.492,3131
0.224,0.022,3131
0.225,0.527,3110
0.226,0.983,3110
0.227,1.268,3110
0.228,1.415,3110
0.229,1.370,3110
0.230,1.143,3110
0.231,0.770,3110
0.232,0.302,3110
0.233,-0.188,3110
0.234,-0.728,3110
0.235,-1.245,3097
0.236,-1.708,3097
0.237,-2.002,3097
0.238,-2.127,3097
0.239,-2.067,3097
0.240,-1.413,3097
0.241,-1.012,3097
0.242,-0.520,3097
0.243,0.022,3097
0.244,0.542,3090
0.245,0.993,3090
0.246,1.292,3090
0.247,1.413,3090
0.248,1.350,3090
0.249,1.110,3090
0.250,0.740,3090
0.251,0.273,3090
0.252,-0.228,3090
0.253,-0.762,3090
0.254,-1.302,3106
0.255,-1.760,3106
0.256,-2.042,3106
0.257,-2.167,3106
0.258,-2.105,3106
0.259,-1.885,3106
0.260,-0.963,3106
0.261,-0.540,3106
0.262,-0.013,3106
0.263,0.532,3124
0.264,0.990,3124
0.265,1.295,3124
0.266,1.417,3124
0.267,1.367,3124
0.268,1.117,3124
0.269,0.740,3124
0.270,0.273,3124
0.271,-0.223,3124
0.272,-0.755,3124
0.273,-1.298,3124
0.274,-1.738,3124
0.275,-2.020,3124
0.276,-2.130,3124
0.277,-2.062,3124
0.278,-1.827,3124
0.279,-1.455,3124
0.280,-0.405,3124
0.281,0.578,3101
0.282,1.012,3101
0.283,1.302,3101
0.284,1.407,3101
0.285,1.350,3101
0.286,1.100,3101
0.287,0.713,3101
0.288,0.253,3101
0.289,-0.253,3101
0.290,-0.777,3101
0.291,-1.312,3125
0.292,-1.760,3125
0.293,-2.027,3125
0.294,-2.147,3125
0.295,-2.092,3125
0.296,-1.853,3125
0.297,-1.472,3125
0.298,-1.000,3125
0.299,-0.497,3125
0.300,0.660,3124
0.301,1.325,3124
0.302,1.433,3124
0.303,1.380,3124
0.304,1.137,3124
0.305,0.752,3124
0.306,0.287,3124
0.307,-0.212,3124
0.308,-0.750,3124
0.309,-1.295,3123
0.310,-1.738,3123
0.311,-2.018,3123
0.312,-2.135,3123
0.313,-2.083,3123
0.314,-1.825,3123
0.315,-1.468,3123
0.316,-1.002,3123
0.317,-0.512,3123
0.318,0.033,3123
0.319,0.552,3134
0.320,1.333,3134
0.321,1.413,3134
0.322,1.357,3134
0.323,1.110,3134
0.324,0.733,3134
0.325,0.263,3134
0.326,-0.233,3134
0.327,-0.777,3134
0.328,-1.312,3136
0.329,-1.765,3136
0.330,-2.027,3136
0.331,-2.138,3136
0.332,-2.083,3136
0.333,-1.833,3136
0.334,-1.458,3136
0.335,-0.990,3136
0.336,-0.492,3136
0.337,0.058,3136
0.338,0.578,3128
0.339,1.028,3128
0.340,1.415,3128
0.341,1.345,3128
0.342,1.093,3128
0.343,0.708,3128
0.344,0.233,3128
0.345,-0.268,3128
0.346,-0.812,3128
0.347,-1.337,3144
0.348,-1.782,3144
0.349,-2.047,3144
0.350,-2.147,3144
0.351,-2.085,3144
0.352,-1.843,3144
0.353,-1.462,3144
0.354,-0.988,3144
0.355,-0.487,3144
0.356,0.055,3144
0.357,0.580,3150
0.358,1.022,3150
0.359,1.308,3150
0.360,1.327,3150
0.361,1.100,3150
0.362,0.733,3150
0.363,0.263,3150
0.364,-0.228,3150
0.365,-0.762,3150
0.366,-1.298,3140
0.367,-1.738,3140
0.368,-2.010,3140
0.369,-2.127,3140
0.370,-2.053,3140
0.371,-1.823,3140
0.372,-1.442,3140
0.373,-0.970,3140
0.374,-0.465,3140
0.375,0.060,3140
0.376,0.583,3143
0.377,1.018,3143
0.378,1.295,3143
0.379,1.410,3143
0.380,1.062,3143
0.381,0.738,3143
0.382,0.275,3143
0.383,-0.217,3143
0.384,-0.750,3143
0.385,-1.292,3138
0.386,-1.738,3138
0.387,-2.018,3138
0.388,-2.138,3138
0.389,-2.083,3138
0.390,-1.830,3138
0.391,-1.452,3138
0.392,-0.978,3138
0.393,-0.485,3138
0.394,0.062,3138
0.395,0.580,3132
0.396,1.018,3132
0.397,1.298,3132
0.398,1.407,3132
0.399,1.337,3132
0.400,0.637,3132
0.401,0.258,3132
0.402,-0.242,3132
0.403,-0.752,3132
0.404,-1.290,3139
0.405,-1.725,3139
0.406,-2.007,3139
0.407,-2.103,3139
0.408,-2.022,3139
0.409,-1.792,3139
0.410,-1.405,3139
0.411,-0.897,3139
0.412,-0.432,3139
0.413,0.092,3139
0.414,0.608,3122
0.415,1.035,3122
0.416,1.312,3122
0.417,1.410,3122
0.418,1.330,3122
0.419,1.067,3122
0.420,0.113,3122
0.421,-0.343,3122
0.422,-0.835,3122
0.423,-1.350,3129
0.424,-1.788,3129
0.425,-2.030,3129
0.426,-2.130,3129
0.427,-2.053,3129
0.428,-1.808,3129
0.429,-1.413,3129
0.430,-0.935,3129
0.431,-0.438,3129
0.432,0.092,3129
0.433,0.593,3121
0.434,1.022,3121
0.435,1.270,3121
0.436,1.387,3121
0.437,1.310,3121
0.438,1.058,3121
0.439,0.667,3121
0.440,-0.388,3121
0.441,-0.912,3121
0.442,-1.442,3124
0.443,-2.062,3124
0.444,-2.130,3124
0.445,-2.042,3124
0.446,-1.788,3124
0.447,-1.383,3124
0.448,-0.902,3124
0.449,-0.403,3124
0.450,0.138,3124
0.451,0.657,3124
0.452,1.070,3125
0.453,1.347,3125
0.454,1.433,3125
0.455,1.347,3125
0.456,1.077,3125
0.457,0.688,3125
0.458,0.207,3125
0.459,-0.300,3125
0.460,-1.462,3121
0.461,-2.092,3121
0.462,-2.165,3121
0.463,-2.083,3121
0.464,-1.823,3121
0.465,-1.423,3121
0.466,-0.940,3121
0.467,-0.432,3121
0.468,0.102,3121
0.469,0.613,3121
0.470,1.035,3141
0.471,1.312,3141
0.472,1.410,3141
0.473,1.340,3141
0.474,1.087,3141
0.475,0.695,3141
0.476,0.220,3141
0.477,-0.292,3141
0.478,-0.833,3141
0.479,-1.367,3141
0.480,-2.065,3126
0.481,-2.053,3126
0.482,-1.808,3126
0.483,-1.407,3126
0.484,-0.927,3126
0.485,-0.425,3126
0.486,0.102,3126
0.487,0.613,3126
0.488,1.038,3101
0.489,1.310,3101
0.490,1.407,3101
0.491,1.325,3101
0.492,1.058,3101
0.493,0.665,3101
0.494,0.198,3101
0.495,-0.302,3101
0.496,-0.843,3101
0.497,-1.350,3101
0.498,-1.782,3110
0.499,-2.035,3110
0.500,-2.018,3110
0.501,-1.792,3110
0.502,-1.393,3110
0.503,-0.922,3110
0.504,-0.422,3110
0.505,0.107,3110
0.506,0.627,3110
0.507,1.038,3096
0.508,1.308,3096
0.509,1.397,3096
0.510,1.308,3096
0.511,1.038,3096
0.512,0.635,3096
0.513,0.188,3096
0.514,-0.305,3096
0.515,-0.848,3096
0.516,-1.353,3096
0.517,-1.778,3106
0.518,-2.033,3106
0.519,-2.123,3106
0.520,-1.725,3106
0.521,-1.387,3106
0.522,-0.922,3106
0.523,-0.425,3106
0.524,0.110,3106
0.525,0.618,3106
0.526,1.038,3126
0.527,1.327,3126
0.528,1.417,3126
0.529,1.330,3126
0.530,1.062,3126
0.531,0.667,3126
0.532,0.207,3126
0.533,-0.300,3126
0.534,-0.833,3126
0.535,-1.353,3126
0.536,-1.772,3123
0.537,-2.022,3123
0.538,-2.120,3123
0.539,-2.022,3123
0.540,-1.308,3123
0.541,-0.812,3123
0.542,-0.407,3123
0.543,0.130,3123
0.544,0.627,3123
0.545,1.038,3122
0.546,1.310,3122
0.547,1.397,3122
0.548,1.300,3122
0.549,1.030,3122
0.550,0.627,3122
0.551,0.168,3122
0.552,-0.340,3122
0.553,-0.868,3122
0.554,-1.377,3122
0.555,-1.792,3138
0.556,-2.045,3138
0.557,-2.123,3138
0.558,-2.022,3138
0.559,-1.765,3138
0.560,-0.777,3138
0.561,-0.367,3138
0.562,0.172,3138
0.563,0.670,3138
0.564,1.073,3144
0.565,1.330,3144
0.566,1.395,3144
0.567,1.295,3144
0.568,1.012,3144
0.569,0.613,3144
0.570,0.142,3144
0.571,-0.362,3144
0.572,-0.897,3144
0.573,-1.415,3144
0.574,-1.827,3119
0.575,-2.083,3119
0.576,-2.163,3119
0.577,-2.058,3119
0.578,-1.792,3119
0.579,-1.387,3119
0.580,-0.325,3119
0.581,0.138,3119
0.582,0.637,3119
0.583,1.058,3135
0.584,1.317,3135
0.585,1.390,3135
0.586,1.298,3135
0.587,1.018,3135
0.588,0.610,3135
0.589,0.142,3135
0.590,-0.362,3135
0.591,-0.897,3135
0.592,-1.413,3135
0.593,-1.827,3138
0.594,-2.087,3138
0.595,-2.167,3138
0.596,-2.062,3138
0.597,-1.790,3138
0.598,-1.385,3138
0.599,-0.902,3138
0.600,0.225,3138
0.601,0.657,3138
0.602,1.062,3141
0.603,1.317,3141
0.604,1.385,3141
0.605,1.262,3141
0.606,0.995,3141
0.607,0.588,3141
0.608,0.115,3141
0.609,-0.412,3141
0.610,-0.932,3141
0.611,-1.450,3141
0.612,-1.845,3150
0.613,-2.087,3150
0.614,-2.147,3150
0.615,-2.027,3150
0.616,-1.742,3150
0.617,-1.340,3150
0.618,-0.860,3150
0.619,-0.352,3150
0.620,0.750,3150
0.621,1.080,3128
0.622,1.337,3128
0.623,1.407,3128
0.624,1.300,3128
0.625,1.015,3128
0.626,0.608,3128
0.627,0.133,3128
0.628,-0.380,3128
0.629,-0.925,3128
0.630,-1.442,3128
0.631,-1.847,3130
0.632,-2.098,3130
0.633,-2.178,3130
0.634,-2.062,3130
0.635,-1.802,3130
0.636,-1.383,3130
0.637,-0.900,3130
0.638,-0.395,3130
0.639,0.147,3130
0.640,1.110,3132
0.641,1.377,3132
0.642,1.252,3132
0.643,0.958,3132
0.644,0.580,3132
0.645,0.110,3132
0.646,-0.403,3132
0.647,-0.932,3132
0.648,-1.442,3132
0.649,-1.845,3058
0.650,-2.083,3058
0.651,-2.143,3058
0.652,-2.030,3058
0.653,-1.768,3058
0.654,-1.353,3058
0.655,-0.885,3058
0.656,-0.378,3058
0.657,0.170,3058
0.658,0.677,3058
0.659,1.087,3132
0.660,1.383,3132
0.661,1.298,3132
0.662,0.975,3132
0.663,0.598,3132
0.664,0.128,3132
0.665,-0.378,3132
0.666,-0.902,3132
0.667,-1.413,3132
0.668,-1.817,3125
0.669,-2.053,3125
0.670,-2.127,3125
0.671,-2.007,3125
0.672,-1.728,3125
0.673,-1.327,3125
0.674,-0.853,3125
0.675,-0.347,3125
0.676,0.188,3125
0.677,0.695,3125
0.678,1.087,3125
0.679,1.333,3125
0.680,1.228,3125
0.681,0.940,3125
0.682,0.432,3125
0.683,0.043,3125
0.684,-0.497,3125
0.685,-0.980,3125
0.686,-1.520,3125
0.687,-1.860,3122
0.688,-2.092,3122
0.689,-2.145,3122
0.690,-2.022,3122
0.691,-1.728,3122
0.692,-1.323,3122
0.693,-0.823,3122
0.694,-0.323,3122
0.695,0.225,3122
0.696,0.733,3122
0.697,1.133,3123
0.698,1.357,3123
0.699,1.423,3123
0.700,0.930,3123
0.701,0.583,3123
0.702,0.100,3123
0.703,-0.410,3123
0.704,-0.932,3123
0.705,-1.482,3123
0.706,-1.853,3123
0.707,-2.085,3127
0.708,-2.143,3127
0.709,-2.022,3127
0.710,-1.742,3127
0.711,-1.333,3127
0.712,-0.848,3127
0.713,-0.347,3127
0.714,0.188,3127
0.715,0.690,3127
0.716,1.077,3127
0.717,1.323,3112
0.718,1.380,3112
0.719,1.255,3112
0.720,0.477,3112
0.721,-0.460,3112
0.722,-0.963,3112
0.723,-1.462,3112
0.724,-1.857,3112
0.725,-2.092,3119
0.726,-2.147,3119
0.727,-2.030,3119
0.728,-1.748,3119
0.729,-1.343,3119
0.730,-0.863,3119
0.731,-0.365,3119
0.732,0.180,3119
0.733,0.688,3119
0.734,1.073,3119
0.735,1.308,3119
0.736,1.360,3119
0.737,1.238,3119
0.738,0.948,3119
0.739,0.547,3119
0.740,-0.522,3119
0.741,-0.973,3119
0.742,-1.475,3119
0.743,-1.863,3119
0.744,-2.095,3113
0.745,-2.150,3113
0.746,-2.022,3113
0.747,-1.732,3113
0.748,-1.312,3113
0.749,-0.823,3113
0.750,-0.320,3113
0.751,0.228,3113
0.752,0.728,3113
0.753,1.110,3113
0.754,1.340,3100
0.755,1.393,3100
0.756,1.262,3100
0.757,0.980,3100
0.758,0.555,3100
0.759,0.087,3100
0.760,-1.048,3100
0.761,-1.460,3100
0.762,-1.853,3100
0.763,-2.058,3116
0.764,-2.120,3116
0.765,-1.990,3116
0.766,-1.698,3116
0.767,-1.290,3116
0.768,-0.812,3116
0.769,-0.320,3116
0.770,0.217,3116
0.771,0.713,3116
0.772,1.103,3116
0.773,1.340,3124
0.774,1.397,3124
0.775,1.272,3124
0.776,0.990,3124
0.777,0.578,3124
0.778,0.090,3124
0.779,-0.417,3124
0.780,-1.540,3124
0.781,-1.890,3124
0.782,-2.127,3118
0.783,-2.007,3118
0.784,-1.667,3118
0.785,-1.262,3118
0.786,-0.840,3118
0.787,-0.328,3118
0.788,0.212,3118
0.789,0.705,3118
0.790,1.095,3118
0.791,1.330,3092
0.792,1.383,3092
0.793,1.248,3092
0.794,0.973,3092
0.795,0.555,3092
0.796,0.065,3092
0.797,-0.445,3092
0.798,-0.983,3092
0.799,-1.488,3092
0.800,-2.123,3127
0.801,-2.002,3127
0.802,-1.708,3127
0.803,-1.333,3127
0.804,-0.843,3127
0.805,-0.340,3127
0.806,0.207,3127
0.807,0.698,3127
0.808,1.087,3127
0.809,1.310,3102
0.810,1.367,3102
0.811,1.222,3102
0.812,0.932,3102
0.813,0.515,3102
0.814,0.050,3102
0.815,-0.465,3102
0.816,-1.005,3102
0.817,-1.500,3102
0.818,-1.873,3102
0.819,-2.087,3119
0.820,-1.952,3119
0.821,-1.583,3119
0.822,-1.210,3119
0.823,-0.767,3119
0.824,-0.253,3119
0.825,0.278,3119
0.826,0.772,3119
0.827,1.163,3119
0.828,1.377,3119
0.829,1.420,3119
0.830,1.265,3119
0.831,0.978,3119
0.832,0.547,3119
0.833,0.070,3119
0.834,-0.443,3119
0.835,-0.988,3119
0.836,-1.482,3119
0.837,-1.863,3119
0.838,-2.083,3129
0.839,-2.125,3129
0.840,-1.623,3129
0.841,-1.260,3129
0.842,-0.777,3129
0.843,-0.275,3129
0.844,0.260,3129
0.845,0.748,3129
0.846,1.115,3129
0.847,1.337,3138
0.848,1.377,3138
0.849,1.232,3138
0.850,0.932,3138
0.851,0.512,3138
0.852,0.043,3138
0.853,-0.487,3138
0.854,-1.022,3138
0.855,-1.525,3138
0.856,-1.900,3138
0.857,-2.112,3144
0.858,-2.152,3144
0.859,-2.018,3144
0.860,-1.212,3144
0.861,-0.812,3144
0.862,-0.287,3144
0.863,0.247,3144
0.864,0.743,3144
0.865,1.130,3144
0.866,1.347,3143
0.867,1.387,3143
0.868,1.238,3143
0.869,0.935,3143
0.870,0.507,3143
0.871,0.037,3143
0.872,-0.492,3143
0.873,-1.018,3143
0.874,-1.522,3143
0.875,-1.893,3143
0.876,-2.092,3122
0.877,-2.130,3122
0.878,-1.988,3122
0.879,-1.688,3122
0.880,-0.688,3122
0.881,-0.253,3122
0.882,0.273,3122
0.883,0.850,3122
0.884,1.137,3122
0.885,1.355,3131
0.886,1.387,3131
0.887,1.238,3131
0.888,0.938,3131
0.889,0.527,3131
0.890,0.048,3131
0.891,-0.468,3131
0.892,-1.073,3131
0.893,-1.550,3131
0.894,-1.890,3131
0.895,-2.092,3167
0.896,-2.140,3167
0.897,-2.007,3167
0.898,-1.700,3167
0.899,-1.262,3167
0.900,-0.172,3167
0.901,0.270,3167
0.902,0.797,3167
0.903,1.153,3167
0.904,1.377,3130
0.905,1.232,3130
0.906,0.943,3130
0.907,0.517,3130
0.908,0.033,3130
0.909,-0.492,3130
0.910,-1.028,3130
0.911,-1.525,3130
0.912,-1.893,3130
0.913,-2.105,3129
0.914,-2.135,3129
0.915,-1.982,3129
0.916,-1.673,3129
0.917,-1.242,3129
0.918,-0.765,3129
0.919,-0.250,3129
0.920,0.858,3129
0.921,1.165,3129
0.922,1.377,3121
0.923,1.397,3121
0.924,1.238,3121
0.925,0.927,3121
0.926,0.507,3121
0.927,0.013,3121
0.928,-0.515,3121
0.929,-1.058,3121
0.930,-1.548,3121
0.931,-1.927,3121
0.932,-2.120,3140
0.933,-2.147,3140
0.934,-2.002,3140
0.935,-1.698,3140
0.936,-1.258,3140
0.937,-0.777,3140
0.938,-0.265,3140
0.939,0.273,3140
0.940,1.195,3140
0.941,1.373,3117
0.942,1.407,3117
0.943,1.252,3117
0.944,0.945,3117
0.945,0.525,3117
0.946,0.052,3117
0.947,-0.490,3117
0.948,-1.022,3117
0.949,-1.528,3117
0.950,-1.897,3117
0.951,-2.103,3143
0.952,-2.138,3143
0.953,-1.988,3143
0.954,-1.673,3143
0.955,-1.230,3143
0.956,-0.740,3143
0.957,-0.228,3143
0.958,0.297,3143
0.959,0.782,3143
0.960,1.383,3110
0.961,1.238,3110
0.962,0.938,3110
0.963,0.527,3110
0.964,0.058,3110
0.965,-0.458,3110
0.966,-0.993,3110
0.967,-1.492,3110
0.968,-1.853,3110
0.969,-2.042,3110
0.970,-2.095,3132
0.971,-1.938,3132
0.972,-1.630,3132
0.973,-1.192,3132
0.974,-0.713,3132
0.975,-0.203,3132
0.976,0.343,3132
0.977,0.823,3132
0.978,1.177,3132
0.979,1.370,3132
0.980,1.177,3114
0.981,0.472,3114
0.982,-0.083,3114
0.983,-0.562,3114
0.984,-1.052,3114
0.985,-1.542,3114
0.986,-1.903,3114
0.987,-2.107,3114
0.988,-2.135,3112
0.989,-2.002,3112
0.990,-1.633,3112
0.991,-1.222,3112
0.992,-0.700,3112
0.993,-0.233,3112
0.994,0.302,3112
0.995,0.790,3112
0.996,1.155,3112
0.997,1.355,3112
0.998,1.387,3109
0.999,1.212,3109
1.000,0.380,3109
1.001,-0.060,3109
1.002,-0.542,3109
1.003,-1.073,3109
1.004,-1.562,3109
1.005,-1.933,3109
1.006,-2.107,3109
1.007,-2.127,3106
1.008,-1.965,3106
1.009,-1.663,3106
1.010,-1.105,3106
1.011,-0.693,3106
1.012,-0.188,3106
1.013,0.350,3106
1.014,0.838,3106
1.015,1.198,3106
1.016,1.395,3106
1.017,1.415,3112
1.018,1.232,3112
1.019,0.907,3112
1.020,-0.098,3112
1.021,-0.537,3112
1.022,-1.060,3112
1.023,-1.548,3112
1.024,-1.897,3112
1.025,-2.083,3112
1.026,-2.098,3119
1.027,-1.927,3119
1.028,-1.613,3119
1.029,-1.173,3119
1.030,-0.685,3119
1.031,-0.172,3119
1.032,0.352,3119
1.033,0.833,3119
1.034,1.192,3119
1.035,1.390,3119
1.036,1.413,3121
1.037,1.225,3121
1.038,0.902,3121
1.039,0.463,3121
1.040,-0.645,3121
1.041,-1.188,3121
1.042,-1.580,3121
1.043,-1.923,3121
1.044,-2.092,3121
1.045,-2.100,3100
1.046,-1.927,3100
1.047,-1.607,3100
1.048,-1.163,3100
1.049,-0.672,3100
1.050,-0.165,3100
1.051,0.372,3100
1.052,0.848,3100
1.053,1.188,3100
1.054,1.367,3100
1.055,1.367,3113
1.056,1.175,3113
1.057,0.853,3113
1.058,0.417,3113
1.059,-0.077,3113
1.060,-1.218,3113
1.061,-1.695,3113
1.062,-2.010,3113
1.063,-2.147,3113
1.064,-2.160,3125
1.065,-1.972,3125
1.066,-1.575,3125
1.067,-1.110,3125
1.068,-0.693,3125
1.069,-0.200,3125
1.070,0.347,3125
1.071,0.863,3125
1.072,1.198,3125
1.073,1.383,3125
1.074,1.393,3124
1.075,1.210,3124
1.076,0.875,3124
1.077,0.438,3124
1.078,-0.052,3124
1.079,-0.578,3124
1.080,-1.665,3124
1.081,-1.948,3124
1.082,-2.127,3124
1.083,-2.132,3126
1.084,-1.940,3126
1.085,-1.623,3126
1.086,-1.173,3126
1.087,-0.682,3126
1.088,-0.172,3126
1.089,0.370,3126
1.090,0.863,3126
1.091,1.192,3126
1.092,1.377,3126
1.093,1.390,3129
1.094,1.212,3129
1.095,0.887,3129
1.096,0.435,3129
1.097,-0.052,3129
1.098,-0.578,3129
1.099,-1.110,3129
1.100,-1.978,3129
1.101,-2.112,3129
1.102,-2.127,3130
1.103,-1.945,3130
1.104,-1.617,3130
1.105,-1.173,3130
1.106,-0.682,3130
1.107,-0.168,3130
1.108,0.380,3130
1.109,0.855,3130
1.110,1.212,3130
1.111,1.393,3130
1.112,1.397,3147
1.113,1.218,3147
1.114,0.890,3147
1.115,0.453,3147
1.116,-0.050,3147
1.117,-0.568,3147
1.118,-1.107,3147
1.119,-1.585,3147
1.120,-2.150,3147
1.121,-2.112,3149
1.122,-1.565,3149
1.123,-1.143,3149
1.124,-0.657,3149
1.125,-0.138,3149
1.126,0.388,3149
1.127,0.868,3149
1.128,1.208,3149
1.129,1.387,3149
1.130,1.393,3139
1.131,1.192,3139
1.132,0.870,3139
1.133,0.427,3139
1.134,-0.058,3139
1.135,-0.573,3139
1.136,-1.100,3139
1.137,-1.573,3139
1.138,-1.907,3139
1.139,-2.080,3139
1.140,-1.782,3126
1.141,-1.002,3126
1.142,-0.593,3126
1.143,-0.115,3126
1.144,0.398,3126
1.145,0.868,3126
1.146,1.202,3126
1.147,1.377,3126
1.148,1.373,3144
1.149,1.173,3144
1.150,0.838,3144
1.151,0.393,3144
1.152,-0.098,3144
1.153,-0.610,3144
1.154,-1.143,3144
1.155,-1.617,3144
1.156,-1.950,3144
1.157,-2.120,3144
1.158,-2.107,3150
1.159,-1.933,3150
1.160,-1.067,3150
1.161,-0.537,3150
1.162,-0.025,3150
1.163,0.407,3150
1.164,0.882,3150
1.165,1.205,3150
1.166,1.377,3150
1.167,1.377,3145
1.168,1.165,3145
1.169,0.845,3145
1.170,0.347,3145
1.171,-0.163,3145
1.172,-0.642,3145
1.173,-1.133,3145
1.174,-1.613,3145
1.175,-1.950,3145
1.176,-2.107,3145
1.177,-2.123,3130
1.178,-1.935,3130
1.179,-1.600,3130
1.180,-0.562,3130
1.181,-0.125,3130
1.182,0.412,3130
1.183,0.892,3130
1.184,1.228,3130
1.185,1.410,3130
1.186,1.407,3120
1.187,1.198,3120
1.188,0.873,3120
1.189,0.422,3120
1.190,-0.068,3120
1.191,-0.603,3120
1.192,-1.140,3120
1.193,-1.625,3120
1.194,-1.962,3120
1.195,-2.123,3120
1.196,-2.127,3117
1.197,-1.938,3117
1.198,-1.610,3117
1.199,-1.153,3117
1.200,-0.048,3117
1.201,0.398,3117
1.202,0.877,3117
1.203,1.218,3117
1.204,1.390,3117
1.205,1.383,3117
1.206,1.183,3135
1.207,0.843,3135
1.208,0.398,3135
1.209,-0.087,3135
1.210,-0.608,3135
1.211,-1.143,3135
1.212,-1.623,3135
1.213,-1.960,3135
1.214,-2.112,3135
1.215,-2.123,3135
1.216,-1.933,3130
1.217,-1.577,3130
1.218,-1.133,3130
1.219,-0.642,3130
1.220,0.583,3130
1.221,0.892,3130
1.222,1.228,3130
1.223,1.407,3130
1.224,1.397,3130
1.225,1.208,3129
1.226,0.858,3129
1.227,0.422,3129
1.228,-0.072,3129
1.229,-0.603,3129
1.230,-1.143,3129
1.231,-1.627,3129
1.232,-1.968,3129
1.233,-2.127,3129
1.234,-2.132,3129
1.235,-1.940,3112
1.236,-1.583,3112
1.237,-1.143,3112
1.238,-0.655,3112
1.239,-0.128,3112
1.240,0.943,3112
1.241,1.218,3112
1.242,1.393,3112
1.243,1.387,3112
1.244,1.183,3128
1.245,0.835,3128
1.246,0.393,3128
1.247,-0.098,3128
1.248,-0.618,3128
1.249,-1.150,3128
1.250,-1.633,3128
1.251,-1.968,3128
1.252,-2.123,3128
1.253,-2.120,3128
1.254,-1.927,3122
1.255,-1.570,3122
1.256,-1.127,3122
1.257,-0.627,3122
1.258,-0.107,3122
1.259,0.427,3122
1.260,1.255,3122
1.261,1.337,3096
1.262,0.790,3096
1.263,0.383,3096
1.264,-0.102,3096
1.265,-0.642,3096
1.266,-1.167,3096
1.267,-1.643,3096
1.268,-1.968,3096
1.269,-2.123,3096
1.270,-2.105,3096
1.271,-1.903,3126
1.272,-1.542,3126
1.273,-1.095,3126
1.274,-0.603,3126
1.275,-0.083,3126
1.276,0.460,3126
1.277,0.917,3126
1.278,1.232,3126
1.279,1.393,3126
1.280,1.103,3117
1.281,0.310,3117
1.282,-0.142,3117
1.283,-0.682,3117
1.284,-1.208,3117
1.285,-1.673,3117
1.286,-1.992,3117
1.287,-2.132,3117
1.288,-2.127,3117
1.289,-1.933,3119
1.290,-1.567,3119
1.291,-1.100,3119
1.292,-0.608,3119
1.293,-0.087,3119
1.294,0.453,3119
1.295,0.912,3119
1.296,1.232,3119
1.297,1.393,3119
1.298,1.373,3119
1.299,1.165,3125
1.300,0.278,3125
1.301,-0.135,3125
1.302,-0.670,3125
1.303,-1.205,3125
1.304,-1.683,3125
1.305,-2.007,3125
1.306,-2.147,3125
1.307,-2.132,3125
1.308,-1.935,3110
1.309,-1.573,3110
1.310,-1.113,3110
1.311,-0.618,3110
1.312,-0.092,3110
1.313,0.438,3110
1.314,0.902,3110
1.315,1.222,3110
1.316,1.377,3110
1.317,1.357,3110
1.318,1.145,3118
1.319,0.780,3118
1.320,-0.240,3118
1.321,-0.672,3118
1.322,-1.192,3118
1.323,-1.657,3118
1.324,-1.972,3118
1.325,-2.123,3118
1.326,-2.098,3118
1.327,-1.897,3142
1.328,-1.535,3142
1.329,-1.083,3142
1.330,-0.593,3142
1.331,-0.070,3142
1.332,0.453,3142
1.333,0.910,3142
1.334,1.228,3142
1.335,1.377,3142
1.336,1.347,3142
1.337,1.137,3132
1.338,0.767,3132
1.339,0.312,3132
1.340,-0.787,3132
1.341,-1.228,3132
1.342,-1.692,3132
1.343,-2.007,3132
1.344,-2.163,3132
1.345,-2.132,3132
1.346,-1.927,3133
1.347,-1.548,3133
1.348,-1.093,3133
1.349,-0.590,3133
1.350,-0.068,3133
1.351,0.468,3133
1.352,0.927,3133
1.353,1.232,3133
1.354,1.387,3133
1.355,1.370,3133
1.356,1.147,3123
1.357,0.782,3123
1.358,0.345,3123
1.359,-0.160,3123
1.360,-1.305,3123
1.361,-1.683,3123
1.362,-1.992,3123
1.363,-2.138,3123
1.364,-2.112,3123
1.365,-1.900,3153
1.366,-1.542,3153
1.367,-1.093,3153
1.368,-0.593,3153
1.369,-0.058,3153
1.370,0.463,3153
1.371,0.917,3153
1.372,1.258,3153
1.373,1.377,3153
1.374,1.340,3153
1.375,1.137,3142
1.376,0.767,3142
1.377,0.318,3142
1.378,-0.182,3142
1.379,-0.698,3142
1.380,-1.748,3142
1.381,-2.007,3142
1.382,-2.147,3142
1.383,-2.123,3142
1.384,-1.905,3146
1.385,-1.548,3146
1.386,-1.093,3146
1.387,-0.603,3146
1.388,-0.072,3146
1.389,0.448,3146
1.390,0.915,3146
1.391,1.228,3146
1.392,1.383,3146
1.393,1.355,3146
1.394,1.143,3107
1.395,0.770,3107
1.396,0.310,3107
1.397,-0.185,3107
1.398,-0.723,3107
1.399,-1.235,3107
1.400,-2.053,3107
1.401,-2.167,3107
1.402,-2.127,3107
1.403,-1.903,3132
1.404,-1.542,3132
1.405,-1.075,3132
1.406,-0.578,3132
1.407,-0.052,3132
1.408,0.477,3132
1.409,0.940,3132
1.410,1.258,3132
1.411,1.410,3132
1.412,1.373,3132
1.413,1.145,3145
1.414,0.767,3145
1.415,0.312,3145
1.416,-0.188,3145
1.417,-0.723,3145
1.418,-1.252,3145
1.419,-1.712,3145
1.420,-2.147,3145
1.421,-2.087,3145
1.422,-1.847,3133
1.423,-1.492,3133
1.424,-1.035,3133
1.425,-0.537,3133
1.426,-0.013,3133
1.427,0.517,3133
1.428,0.978,3133
1.429,1.272,3133
1.430,1.415,3133
1.431,1.377,3133
1.432,1.143,3139
1.433,0.755,3139
1.434,0.300,3139
1.435,-0.200,3139
1.436,-0.733,3139
1.437,-1.248,3139
1.438,-1.708,3139
1.439,-2.020,3139
1.440,-2.087,3139
1.441,-1.885,3123
1.442,-1.530,3123
1.443,-1.067,3123
1.444,-0.568,3123
1.445,-0.043,3123
1.446,0.477,3123
1.447,0.938,3123
1.448,1.250,3123
1.449,1.395,3123
1.450,1.373,3123
1.451,1.150,3132
1.452,0.772,3132
1.453,0.315,3132
1.454,-0.182,3132
1.455,-0.703,3132
1.456,-1.230,3132
1.457,-1.692,3132
1.458,-1.988,3132
1.459,-2.123,3132
1.460,-1.802,3112
1.461,-1.020,3112
1.462,-0.530,3112
1.463,-0.007,3112
1.464,0.517,3112
1.465,0.958,3112
1.466,1.252,3112
1.467,1.390,3112
1.468,1.347,3112
1.469,1.103,3129
1.470,0.740,3129
1.471,0.278,3129
1.472,-0.217,3129
1.473,-0.745,3129
1.474,-1.288,3129
1.475,-1.742,3129
1.476,-2.033,3129
1.477,-2.165,3129
1.478,-2.123,3129
1.479,-1.893,3129
1.480,-0.983,3094
1.481,-0.028,3094
1.482,0.492,3094
1.483,0.938,3094
1.484,1.230,3094
1.485,1.367,3094
1.486,1.327,3094
1.487,1.077,3094
1.488,0.713,3128
1.489,0.242,3128
1.490,-0.253,3128
1.491,-0.782,3128
1.492,-1.320,3128
1.493,-1.748,3128
1.494,-2.042,3128
1.495,-2.163,3128
1.496,-2.103,3128
1.497,-1.873,3128
1.498,-1.508,3115
1.499,-1.042,3115
1.500,0.080,3115
1.501,0.527,3115
1.502,0.980,3115
1.503,1.268,3115
1.504,1.410,3115
1.505,1.353,3115
1.506,1.110,3115
1.507,0.740,3107
1.508,0.260,3107
1.509,-0.223,3107
1.510,-0.752,3107
1.511,-1.292,3107
1.512,-1.732,3107
1.513,-2.022,3107
1.514,-2.143,3107
1.515,-2.098,3107
1.516,-1.863,3107
1.517,-1.492,3055
1.518,-1.012,3055
1.519,-0.527,3055
1.520,0.608,3055
1.521,0.980,3055
1.522,1.268,3055
1.523,1.397,3055
1.524,1.347,3055
1.525,1.107,3055
1.526,0.738,3084
1.527,0.263,3084
1.528,-0.233,3084
1.529,-0.777,3084
1.530,-1.312,3084
1.531,-1.768,3084
1.532,-2.053,3084
1.533,-2.180,3084
1.534,-2.127,3084
1.535,-1.887,3084
1.536,-1.512,3128
1.537,-1.032,3128
1.538,-0.542,3128
1.539,-0.013,3128
1.540,1.055,3128
1.541,1.300,3128
1.542,1.423,3128
1.543,1.367,3128
1.544,1.117,3128
1.545,0.738,3131
1.546,0.263,3131
1.547,-0.228,3131
1.548,-0.762,3131
1.549,-1.292,3131
1.550,-1.732,3131
1.551,-2.018,3131
1.552,-2.135,3131
1.553,-2.065,3131
1.554,-1.833,3131
1.555,-1.460,3103
1.556,-0.973,3103
1.557,-0.482,3103
1.558,0.062,3103
1.559,0.585,3103
1.560,1.357,3103
1.561,1.438,3103
1.562,1.383,3103
1.563,1.135,3103
1.564,0.748,3120
1.565,0.250,3120
1.566,-0.233,3120
1.567,-0.767,3120
1.568,-1.302,3120
1.569,-1.742,3120
1.570,-2.027,3120
1.571,-2.145,3120
1.572,-2.085,3120
1.573,-1.853,3120
1.574,-1.472,3122
1.575,-0.993,3122
1.576,-0.507,3122
1.577,0.028,3122
1.578,0.547,3122
1.579,0.998,3122
1.580,1.407,3122
1.581,1.345,3122
1.582,1.093,3122
1.583,0.708,3139
1.584,0.228,3139
1.585,-0.265,3139
1.586,-0.818,3139
1.587,-1.343,3139
1.588,-1.785,3139
1.589,-2.060,3139
1.590,-2.170,3139
1.591,-2.107,3139
1.592,-1.865,3139
1.593,-1.492,3130
1.594,-1.015,3130
1.595,-0.527,3130
1.596,0.018,3130
1.597,0.537,3130
1.598,0.983,3130
1.599,1.262,3130
1.600,1.317,3130
1.601,1.100,3130
1.602,0.730,3142
1.603,0.258,3142
1.604,-0.230,3142
1.605,-0.767,3142
1.606,-1.298,3142
1.607,-1.730,3142
1.608,-2.013,3142
1.609,-2.127,3142
1.610,-2.058,3142
1.611,-1.823,3142
1.612,-1.442,3146
1.613,-0.963,3146
1.614,-0.458,3146
1.615,0.087,3146
1.616,0.588,3146
1.617,1.020,3146
1.618,1.305,3146
1.619,1.413,3146
1.620,1.028,3146
1.621,0.700,3138
1.622,0.220,3138
1.623,-0.268,3138
1.624,-0.812,3138
1.625,-1.340,3138
1.626,-1.785,3138
1.627,-2.055,3138
1.628,-2.167,3138
1.629,-2.098,3138
1.630,-1.847,3138
1.631,-1.462,3117
1.632,-0.985,3117
1.633,-0.502,3117
1.634,0.037,3117
1.635,0.552,3117
1.636,0.993,3117
1.637,1.268,3117
1.638,1.390,3117
1.639,1.312,3117
1.640,0.593,3141
1.641,-0.323,3141
1.642,-0.853,3141
1.643,-1.373,3141
1.644,-1.808,3141
1.645,-2.083,3141
1.646,-2.178,3141
1.647,-2.103,3141
1.648,-1.857,3141
1.649,-1.458,3129
1.650,-0.983,3129
1.651,-0.495,3129
1.652,0.048,3129
1.653,0.568,3129
1.654,1.008,3129
1.655,1.298,3129
1.656,1.397,3129
1.657,1.327,3129
1.658,1.062,3129
1.659,0.690,3124
1.660,-0.378,3124
1.661,-0.828,3124
1.662,-1.380,3124
1.663,-1.802,3124
1.664,-2.067,3124
1.665,-2.175,3124
1.666,-2.103,3124
1.667,-1.853,3124
1.668,-1.458,3137
1.669,-0.970,3137
1.670,-0.465,3137
1.671,0.062,3137
1.672,0.588,3137
1.673,1.028,3137
1.674,1.308,3137
1.675,1.417,3137
1.676,1.343,3137
1.677,1.087,3137
1.678,0.698,3128
1.679,0.210,3128
1.680,-0.938,3128
1.681,-1.377,3128
1.682,-1.812,3128
1.683,-2.083,3128
1.684,-2.180,3128
1.685,-2.103,3128
1.686,-1.850,3128
1.687,-1.458,3111
1.688,-0.978,3111
1.689,-0.487,3111
1.690,0.062,3111
1.691,0.575,3111
1.692,1.008,3111
1.693,1.268,3111
1.694,1.387,3111
1.695,1.317,3111
1.696,1.062,3111
1.697,0.675,3095
1.698,0.212,3095
1.699,-0.282,3095
1.700,-1.417,3095
1.701,-1.843,3095
1.702,-2.042,3095
1.703,-2.138,3095
1.704,-2.062,3095
1.705,-1.815,3095
1.706,-1.417,3131
1.707,-0.938,3131
1.708,-0.453,3131
1.709,0.092,3131
1.710,0.613,3131
1.711,1.052,3131
1.712,1.327,3131
1.713,1.427,3131
1.714,1.347,3131
1.715,1.093,3131
1.716,0.698,3129
1.717,0.203,3129
1.718,-0.297,3129
1.719,-0.845,3129
1.720,-1.853,3129
1.721,-2.050,3129
1.722,-2.143,3129
1.723,-2.055,3129
1.724,-1.802,3129
1.725,-1.385,3129
1.726,-0.897,3114
1.727,-0.388,3114
1.728,0.140,3114
1.729,0.655,3114
1.730,1.073,3114
1.731,1.343,3114
1.732,1.433,3114
1.733,1.347,3114
1.734,1.080,3114
1.735,0.688,3114
1.736,0.195,3119
1.737,-0.328,3119
1.738,-0.855,3119
1.739,-1.375,3119
1.740,-2.087,3119
1.741,-2.163,3119
1.742,-2.062,3119
1.743,-1.812,3119
1.744,-1.323,3125
1.745,-0.398,3125
1.746,0.095,3125
1.747,0.608,3125
1.748,1.038,3125
1.749,1.323,3125
1.750,1.415,3125
1.751,1.333,3125
1.752,1.060,3125
1.753,0.657,3125
1.754,0.185,3121
1.755,-0.340,3121
1.756,-0.863,3121
1.757,-1.377,3121
1.758,-1.790,3121
1.759,-2.050,3121
1.760,-2.013,3121
1.761,-1.785,3121
1.762,-1.387,3121
1.763,-0.910,3106
1.764,-0.393,3106
1.765,0.113,3106
1.766,0.618,3106
1.767,1.035,3106
1.768,1.308,3106
1.769,1.397,3106
1.770,1.327,3106
1.771,1.055,3106
1.772,0.657,3106
1.773,0.188,3108
1.774,-0.333,3108
1.775,-0.858,3108
1.776,-1.373,3108
1.777,-1.790,3108
1.778,-2.038,3108
1.779,-2.130,3108
1.780,-1.705,3108
1.781,-1.373,3108
1.782,-0.902,3118
1.783,-0.393,3118
1.784,0.133,3118
1.785,0.637,3118
1.786,1.062,3118
1.787,1.327,3118
1.788,1.415,3118
1.789,1.327,3118
1.790,1.052,3118
1.791,0.657,3118
1.792,0.175,3122
1.793,-0.340,3122
1.794,-0.863,3122
1.795,-1.385,3122
1.796,-1.808,3122
1.797,-2.060,3122
1.798,-2.143,3122
1.799,-2.053,3122
1.800,-1.325,3087
1.801,-0.372,3087
1.802,0.128,3087
1.803,0.652,3087
1.804,1.067,3087
1.805,1.327,3087
1.806,1.407,3087
1.807,1.315,3087
1.808,1.038,3087
1.809,0.627,3087
1.810,0.152,3147
1.811,-0.367,3147
1.812,-0.892,3147
1.813,-1.407,3147
1.814,-1.825,3147
1.815,-2.083,3147
1.816,-2.163,3147
1.817,-2.053,3147
1.818,-1.785,3147
1.819,-1.383,3147
1.820,-0.323,3124
1.821,0.660,3124
1.822,1.075,3124
1.823,1.345,3124
1.824,1.438,3124
1.825,1.343,3124
1.826,1.070,3124
1.827,0.665,3124
1.828,0.177,3122
1.829,-0.352,3122
1.830,-0.895,3122
1.831,-1.420,3122
1.832,-1.847,3122
1.833,-2.103,3122
1.834,-2.188,3122
1.835,-2.087,3122
1.836,-1.817,3122
1.837,-1.417,3122
1.838,-0.927,3135
1.839,-0.415,3135
1.840,0.730,3135
1.841,1.073,3135
1.842,1.343,3135
1.843,1.427,3135
1.844,1.337,3135
1.845,1.062,3135
1.846,0.657,3135
1.847,0.185,3126
1.848,-0.343,3126
1.849,-0.868,3126
1.850,-1.403,3126
1.851,-1.825,3126
1.852,-2.083,3126
1.853,-2.163,3126
1.854,-2.042,3126
1.855,-1.792,3126
1.856,-1.407,3126
1.857,-0.927,3128
1.858,-0.420,3128
1.859,0.107,3128
1.860,1.347,3128
1.861,1.407,3128
1.862,1.323,3128
1.863,1.038,3128
1.864,0.637,3128
1.865,0.172,3145
1.866,-0.352,3145
1.867,-0.882,3145
1.868,-1.393,3145
1.869,-1.802,3145
1.870,-2.038,3145
1.871,-2.127,3145
1.872,-2.018,3145
1.873,-1.762,3145
1.874,-1.353,3145
1.875,-0.868,3112
1.876,-0.352,3112
1.877,0.177,3112
1.878,0.690,3112
1.879,1.097,3112
1.880,1.420,3112
1.881,1.325,3112
1.882,1.030,3112
1.883,0.620,3112
1.884,0.140,3151
1.885,-0.378,3151
1.886,-0.902,3151
1.887,-1.417,3151
1.888,-1.820,3151
1.889,-2.053,3151
1.890,-2.123,3151
1.891,-2.018,3151
1.892,-1.742,3151
1.893,-1.347,3151
1.894,-0.863,3128
1.895,-0.365,3128
1.896,0.172,3128
1.897,0.670,3128
1.898,1.077,3128
1.899,1.333,3128
1.900,1.258,3128
1.901,1.022,3128
1.902,0.613,3128
1.903,0.140,3133
1.904,-0.388,3133
1.905,-0.927,3133
1.906,-1.452,3133
1.907,-1.847,3133
1.908,-2.087,3133
1.909,-2.140,3133
1.910,-2.027,3133
1.911,-1.748,3133
1.912,-1.327,3133
1.913,-0.830,3122
1.914,-0.323,3122
1.915,0.220,3122
1.916,0.735,3122
1.917,1.143,3122
1.918,1.383,3122
1.919,1.450,3122
1.920,0.978,3122
1.921,0.623,3122
1.922,0.138,3123
1.923,-0.388,3123
1.924,-0.927,3123
1.925,-1.452,3123
1.926,-1.853,3123
1.927,-2.092,3123
1.928,-2.150,3123
1.929,-2.033,3123
1.930,-1.768,3123
1.931,-1.347,3123
1.932,-0.868,3126
1.933,-0.362,3126
1.934,0.177,3126
1.935,0.688,3126
1.936,1.093,3126
1.937,1.343,3126
1.938,1.417,3126
1.939,1.302,3126
1.940,0.515,3126
1.941,0.022,3129
1.942,-0.963,3129
1.943,-1.458,3129
1.944,-1.857,3129
1.945,-2.098,3129
1.946,-2.163,3129
1.947,-2.042,3129
1.948,-1.765,3129
1.949,-1.337,3129
1.950,-0.828,3134
1.951,-0.347,3134
1.952,0.188,3134
1.953,0.693,3134
1.954,1.097,3134
1.955,1.345,3134
1.956,1.413,3134
1.957,1.310,3134
1.958,1.022,3134
1.959,0.618,3134
1.960,-0.463,3083
1.961,-1.442,3083
1.962,-1.827,3083
1.963,-2.058,3083
1.964,-2.132,3083
1.965,-2.015,3083
1.966,-1.735,3083
1.967,-1.335,3083
1.968,-0.853,3119
1.969,-0.345,3119
1.970,0.193,3119
1.971,0.698,3119
1.972,1.103,3119
1.973,1.350,3119
1.974,1.423,3119
1.975,1.312,3119
1.976,1.018,3119
1.977,0.600,3119
1.978,0.117,3119
1.979,-0.398,3121
1.980,-1.528,3121
1.981,-1.850,3121
1.982,-2.087,3121
1.983,-2.147,3121
1.984,-2.033,3121
1.985,-1.768,3121
1.986,-1.347,3121
1.987,-0.870,3121
1.988,-0.367,3112
1.989,0.188,3112
1.990,0.690,3112
1.991,1.090,3112
1.992,1.337,3112
1.993,1.407,3112
1.994,1.300,3112
1.995,1.002,3112
1.996,0.585,3112
1.997,0.110,3112
1.998,-0.412,3122
1.999,-0.965,3122
2.000,-1.923,3122
2.001,-2.098,3122
2.002,-2.155,3122
2.003,-2.033,3122
2.004,-1.768,3122
2.005,-1.347,3122
2.006,-0.860,3122
2.007,-0.360,3131
2.008,0.207,3131
2.009,0.703,3131
2.010,1.097,3131
2.011,1.337,3131
2.012,1.397,3131
2.013,1.268,3131
2.014,0.983,3131
2.015,0.575,3131
2.016,0.087,3131
2.017,-0.417,3068
2.018,-0.968,3068
2.019,-1.468,3068
2.020,-2.105,3068
2.021,-2.138,3068
2.022,-2.018,3068
2.023,-1.730,3068
2.024,-1.323,3068
2.025,-0.833,3068
2.026,-0.333,3113
2.027,0.223,3113
2.028,0.715,3113
2.029,1.113,3113
2.030,1.353,3113
2.031,1.417,3113
2.032,1.305,3113
2.033,1.010,3113
2.034,0.588,3113
2.035,0.113,3113
2.036,-0.407,3118
2.037,-0.970,3118
2.038,-1.472,3118
2.039,-1.853,3118
2.040,-2.140,3118
2.041,-2.025,3118
2.042,-1.738,3118
2.043,-1.327,3118
2.044,-0.843,3118
2.045,-0.333,3106
2.046,0.253,3106
2.047,0.728,3106
2.048,1.115,3106
2.049,1.353,3106
2.050,1.417,3106
2.051,1.292,3106
2.052,0.983,3106
2.053,0.570,3106
2.054,0.092,3106
2.055,-0.427,3120
2.056,-0.988,3120
2.057,-1.488,3120
2.058,-1.875,3120
2.059,-2.103,3120
2.060,-1.988,3120
2.061,-1.732,3120
2.062,-1.323,3120
2.063,-0.823,3120
2.064,-0.323,3125
2.065,0.228,3125
2.066,0.718,3125
2.067,1.103,3125
2.068,1.337,3125
2.069,1.393,3125
2.070,1.252,3125
2.071,0.958,3125
2.072,0.547,3125
2.073,0.072,3125
2.074,-0.432,3125
2.075,-0.988,3125
2.076,-1.472,3125
2.077,-1.860,3125
2.078,-2.062,3125
2.079,-2.123,3125
2.080,-1.645,3125
2.081,-0.752,3125
2.082,-0.273,3090
2.083,0.263,3090
2.084,0.748,3090
2.085,1.140,3090
2.086,1.353,3090
2.087,1.397,3090
2.088,1.255,3090
2.089,0.953,3090
2.090,0.532,3090
2.091,0.052,3090
2.092,-0.465,3125
2.093,-1.018,3125
2.094,-1.528,3125
2.095,-1.903,3125
2.096,-2.123,3125
2.097,-2.163,3125
2.098,-2.022,3125
2.099,-1.722,3125
2.100,-0.733,3125
2.101,-0.253,3129
2.102,0.838,3129
2.103,1.143,3129
2.104,1.335,3129
2.105,1.367,3129
2.106,1.232,3129
2.107,0.938,3129
2.108,0.527,3129
2.109,0.058,3129
2.110,-0.458,3113
2.111,-1.012,3113
2.112,-1.492,3113
2.113,-1.873,3113
2.114,-2.083,3113
2.115,-2.130,3113
2.116,-1.990,3113
2.117,-1.698,3113
2.118,-1.288,3113
2.119,-0.807,3113
2.120,0.318,3116
2.121,1.117,3116
2.122,1.343,3116
2.123,1.385,3116
2.124,1.238,3116
2.125,0.932,3116
2.126,0.512,3116
2.127,0.043,3116
2.128,-0.495,3136
2.129,-1.042,3136
2.130,-1.538,3136
2.131,-1.903,3136
2.132,-2.123,3136
2.133,-2.165,3136
2.134,-2.022,3136
2.135,-1.728,3136
2.136,-1.302,3136
2.137,-0.820,3136
2.138,-0.297,3139
2.139,0.237,3139
2.140,1.185,3139
2.141,1.337,3139
2.142,1.377,3139
2.143,1.218,3139
2.144,0.912,3139
2.145,0.492,3139
2.146,-0.007,3139
2.147,-0.532,3131
2.148,-1.065,3131
2.149,-1.567,3131
2.150,-1.938,3131
2.151,-2.145,3131
2.152,-2.183,3131
2.153,-2.030,3131
2.154,-1.730,3131
2.155,-1.305,3131
2.156,-0.812,3131
2.157,-0.295,3140
2.158,0.237,3140
2.159,0.833,3140
2.160,1.347,3140
2.161,1.377,3140
2.162,1.228,3140
2.163,0.945,3140
2.164,0.537,3140
2.165,0.060,3140
2.166,-0.443,3120
2.167,-0.993,3120
2.168,-1.482,3120
2.169,-1.863,3120
2.170,-2.058,3120
2.171,-2.123,3120
2.172,-1.978,3120
2.173,-1.675,3120
2.174,-1.242,3120
2.175,-0.757,3120
2.176,-0.253,3123
2.177,0.273,3123
2.178,0.770,3123
2.179,1.143,3123
2.180,1.383,3123
2.181,1.218,3123
2.182,0.895,3123
2.183,0.468,3123
2.184,0.028,3123
2.185,-0.497,3135
2.186,-1.048,3135
2.187,-1.535,3135
2.188,-1.897,3135
2.189,-2.100,3135
2.190,-2.132,3135
2.191,-1.978,3135
2.192,-1.663,3135
2.193,-1.232,3135
2.194,-0.748,3135
2.195,-0.245,3134
2.196,0.292,3134
2.197,0.777,3134
2.198,1.157,3134
2.199,1.367,3134
2.200,1.195,3134
2.201,0.868,3134
2.202,0.502,3134
2.203,0.022,3134
2.204,-0.502,3130
2.205,-1.067,3130
2.206,-1.552,3130
2.207,-1.938,3130
2.208,-2.138,3130
2.209,-2.172,3130
2.210,-2.018,3130
2.211,-1.715,3130
2.212,-1.292,3130
2.213,-0.802,3130
2.214,-0.268,3129
2.215,0.273,3129
2.216,0.767,3129
2.217,1.147,3129
2.218,1.373,3129
2.219,1.407,3129
2.220,0.868,3129
2.221,0.440,3129
2.222,-0.022,3129
2.223,-0.562,3129
2.224,-1.538,3129
2.225,-1.897,3129
2.226,-2.103,3129
2.227,-2.138,3129
2.228,-1.990,3129
2.229,-1.688,3129
2.230,-1.262,3129
2.231,-0.777,3129
2.232,-0.273,3129
2.233,0.258,3127
2.234,0.743,3127
2.235,1.133,3127
2.236,1.337,3127
2.237,1.373,3127
2.238,1.198,3127
2.239,0.900,3127
2.240,-0.092,3127
2.241,-0.562,3118
2.242,-1.073,3118
2.243,-1.562,3118
2.244,-1.962,3118
2.245,-2.125,3118
2.246,-2.160,3118
2.247,-2.002,3118
2.248,-1.690,3118
2.249,-1.252,3118
2.250,-0.752,3118
2.251,-0.253,3118
2.252,0.278,3136
2.253,0.772,3136
2.254,1.140,3136
2.255,1.347,3136
2.256,1.380,3136
2.257,1.218,3136
2.258,0.897,3136
2.259,0.463,3136
2.260,-0.618,3112
2.261,-1.558,3112
2.262,-1.927,3112
2.263,-2.115,3112
2.264,-2.145,3112
2.265,-1.992,3112
2.266,-1.690,3112
2.267,-1.252,3112
2.268,-0.770,3112
2.269,-0.258,3112
2.270,0.273,3123
2.271,0.772,3123
2.272,1.135,3123
2.273,1.340,3123
2.274,1.373,3123
2.275,1.208,3123
2.276,0.892,3123
2.277,0.453,3123
2.278,-0.033,3123
2.279,-0.547,3123
2.280,-1.645,3115
2.281,-2.123,3115
2.282,-2.138,3115
2.283,-1.978,3115
2.284,-1.657,3115
2.285,-1.222,3115
2.286,-0.743,3115
2.287,-0.228,3115
2.288,0.302,3109
2.289,0.815,3109
2.290,1.173,3109
2.291,1.367,3109
2.292,1.390,3109
2.293,1.212,3109
2.294,0.892,3109
2.295,0.455,3109
2.296,-0.050,3109
2.297,-0.573,3109
2.298,-1.127,3129
2.299,-1.623,3129
2.300,-2.188,3129
2.301,-2.195,3129
2.302,-2.033,3129
2.303,-1.702,3129
2.304,-1.252,3129
2.305,-0.767,3129
2.306,-0.250,3129
2.307,0.292,3113
2.308,0.790,3113
2.309,1.153,3113
2.310,1.353,3113
2.311,1.380,3113
2.312,1.208,3113
2.313,0.885,3113
2.314,0.453,3113
2.315,-0.045,3113
2.316,-0.562,3113
2.317,-1.097,3118
2.318,-1.607,3118
2.319,-1.952,3118
2.320,-2.140,3118
2.321,-2.002,3118
2.322,-1.690,3118
2.323,-1.248,3118
2.324,-0.757,3118
2.325,-0.242,3118
2.326,0.297,3124
2.327,0.792,3124
2.328,1.147,3124
2.329,1.350,3124
2.330,1.373,3124
2.331,1.195,3124
2.332,0.873,3124
2.333,0.388,3124
2.334,-0.072,3124
2.335,-0.573,3124
2.336,-1.107,3113
2.337,-1.610,3113
2.338,-1.962,3113
2.339,-2.145,3113
2.340,-1.938,3113
2.341,-1.663,3113
2.342,-1.218,3113
2.343,-0.733,3113
2.344,-0.217,3113
2.345,0.312,3153
2.346,0.795,3153
2.347,1.153,3153
2.348,1.343,3153
2.349,1.367,3153
2.350,1.188,3153
2.351,0.858,3153
2.352,0.420,3153
2.353,-0.077,3153
2.354,-0.603,3153
2.355,-1.130,3136
2.356,-1.623,3136
2.357,-1.975,3136
2.358,-2.147,3136
2.359,-2.163,3136
2.360,-1.603,3136
2.361,-0.670,3136
2.362,-0.193,3136
2.363,0.347,3128
2.364,0.835,3128
2.365,1.183,3128
2.366,1.357,3128
2.367,1.377,3128
2.368,1.188,3128
2.369,0.870,3128
2.370,0.427,3128
2.371,-0.060,3128
2.372,-0.588,3128
2.373,-1.133,3130
2.374,-1.627,3130
2.375,-1.972,3130
2.376,-2.147,3130
2.377,-2.165,3130
2.378,-1.990,3130
2.379,-1.670,3130
2.380,-0.652,3130
2.381,-0.102,3130
2.382,0.343,3148
2.383,0.823,3148
2.384,1.177,3148
2.385,1.367,3148
2.386,1.387,3148
2.387,1.208,3148
2.388,0.887,3148
2.389,0.453,3148
2.390,-0.043,3148
2.391,-0.550,3148
2.392,-1.083,3125
2.393,-1.575,3125
2.394,-1.933,3125
2.395,-2.105,3125
2.396,-2.125,3125
2.397,-1.952,3125
2.398,-1.633,3125
2.399,-1.177,3125
2.400,-0.092,3125
2.401,0.357,3150
2.402,0.848,3150
2.403,1.188,3150
2.404,1.377,3150
2.405,1.383,3150
2.406,1.198,3150
2.407,0.873,3150
2.408,0.430,3150
2.409,-0.062,3150
2.410,-0.593,3150
2.411,-1.133,3120
2.412,-1.627,3120
2.413,-1.968,3120
2.414,-2.138,3120
2.415,-2.143,3120
2.416,-1.958,3120
2.417,-1.625,3120
2.418,-1.180,3120
2.419,-0.693,3120
2.420,0.458,3137
2.421,1.208,3137
2.422,1.383,3137
2.423,1.390,3137
2.424,1.208,3137
2.425,0.873,3137
2.426,0.427,3137
2.427,-0.062,3137
2.428,-0.583,3137
2.429,-1.153,3134
2.430,-1.633,3134
2.431,-1.970,3134
2.432,-2.138,3134
2.433,-2.143,3134
2.434,-1.962,3134
2.435,-1.550,3134
2.436,-1.173,3134
2.437,-0.685,3134
2.438,-0.165,3134
2.439,0.378,3135
2.440,1.240,3135
2.441,1.387,3135
2.442,1.395,3135
2.443,1.218,3135
2.444,0.885,3135
2.445,0.427,3135
2.446,-0.147,3135
2.447,-0.573,3135
2.448,-1.085,3137
2.449,-1.607,3137
2.450,-1.903,3137
2.451,-2.092,3137
2.452,-2.105,3137
2.453,-1.920,3137
2.454,-1.627,3137
2.455,-1.188,3137
2.456,-0.690,3137
2.457,-0.180,3137
2.458,0.357,3123
2.459,0.848,3123
2.460,1.395,3123
2.461,1.397,3123
2.462,1.218,3123
2.463,0.892,3123
2.464,0.453,3123
2.465,-0.048,3123
2.466,-0.568,3123
2.467,-1.103,3127
2.468,-1.617,3127
2.469,-1.945,3127
2.470,-2.123,3127
2.471,-2.125,3127
2.472,-1.948,3127
2.473,-1.607,3127
2.474,-1.143,3127
2.475,-0.650,3127
2.476,-0.117,3127
2.477,0.415,3126
2.478,0.897,3126
2.479,1.238,3126
2.480,1.407,3126
2.481,1.238,3126
2.482,0.902,3126
2.483,0.458,3126
2.484,-0.048,3126
2.485,-0.575,3126
2.486,-1.123,3126
2.487,-1.610,3127
2.488,-1.962,3127
2.489,-2.123,3127
2.490,-2.132,3127
2.491,-1.952,3127
2.492,-1.627,3127
2.493,-1.183,3127
2.494,-0.693,3127
2.495,-0.170,3127
2.496,0.370,3127
2.497,0.843,3115
2.498,1.192,3115
2.499,1.377,3115
2.500,1.155,3115
2.501,0.870,3115
2.502,0.427,3115
2.503,-0.065,3115
2.504,-0.583,3115
2.505,-1.127,3115
2.506,-1.613,3120
2.507,-1.962,3120
2.508,-2.123,3120
2.509,-2.112,3120
2.510,-1.933,3120
2.511,-1.583,3120
2.512,-1.127,3120
2.513,-0.627,3120
2.514,-0.107,3120
2.515,0.417,3120
2.516,0.887,3104
2.517,1.218,3104
2.518,1.387,3104
2.519,1.385,3104
2.520,0.780,3104
2.521,0.417,3104
2.522,-0.072,3104
2.523,-0.590,3104
2.524,-1.133,3104
2.525,-1.610,3120
2.526,-1.962,3120
2.527,-2.103,3120
2.528,-2.107,3120
2.529,-1.923,3120
2.530,-1.583,3120
2.531,-1.140,3120
2.532,-0.657,3120
2.533,-0.133,3120
2.534,0.410,3120
2.535,0.870,3115
2.536,1.205,3115
2.537,1.375,3115
2.538,1.360,3115
2.539,1.165,3115
2.540,0.292,3115
2.541,-0.113,3115
2.542,-0.623,3115
2.543,-1.153,3115
2.544,-1.627,3110
2.545,-1.962,3110
2.546,-2.110,3110
2.547,-2.103,3110
2.548,-1.927,3110
2.549,-1.575,3110
2.550,-1.127,3110
2.551,-0.642,3110
2.552,-0.105,3110
2.553,0.422,3110
2.554,0.895,3097
2.555,1.228,3097
2.556,1.387,3097
2.557,1.380,3097
2.558,1.183,3097
2.559,0.828,3097
2.560,-0.185,3097
2.561,-0.730,3097
2.562,-1.210,3097
2.563,-1.712,3113
2.564,-2.140,3113
2.565,-2.127,3113
2.566,-1.938,3113
2.567,-1.583,3113
2.568,-1.137,3113
2.569,-0.642,3113
2.570,-0.117,3113
2.571,0.420,3113
2.572,0.900,3117
2.573,1.238,3117
2.574,1.407,3117
2.575,1.393,3117
2.576,1.198,3117
2.577,0.848,3117
2.578,0.390,3117
2.579,-0.107,3117
2.580,-1.248,3091
2.581,-2.020,3091
2.582,-2.138,3091
2.583,-2.123,3091
2.584,-1.927,3091
2.585,-1.577,3091
2.586,-1.075,3091
2.587,-0.620,3091
2.588,-0.100,3091
2.589,0.435,3091
2.590,0.910,3129
2.591,1.252,3129
2.592,1.413,3129
2.593,1.397,3129
2.594,1.188,3129
2.595,0.843,3129
2.596,0.383,3129
2.597,-0.117,3129
2.598,-0.657,3129
2.599,-1.175,3129
2.600,-2.007,3125
2.601,-2.087,3125
2.602,-1.873,3125
2.603,-1.450,3125
2.604,-1.087,3125
2.605,-0.595,3125
2.606,-0.072,3125
2.607,0.460,3125
2.608,0.932,3116
2.609,1.258,3116
2.610,1.410,3116
2.611,1.395,3116
2.612,1.188,3116
2.613,0.838,3116
2.614,0.393,3116
2.615,-0.098,3116
2.616,-0.620,3116
2.617,-1.150,3116
2.618,-1.625,3140
2.619,-1.948,3140
2.620,-2.042,3140
2.621,-1.867,3140
2.622,-1.528,3140
2.623,-1.070,3140
2.624,-0.588,3140
2.625,-0.072,3140
2.626,0.458,3140
2.627,0.917,3134
2.628,1.248,3134
2.629,1.397,3134
2.630,1.390,3134
2.631,1.188,3134
2.632,0.845,3134
2.633,0.390,3134
2.634,-0.098,3134
2.635,-0.642,3134
2.636,-1.173,3134
2.637,-1.647,3124
2.638,-1.968,3124
2.639,-2.120,3124
2.640,-1.853,3124
2.641,-1.548,3124
2.642,-1.097,3124
2.643,-0.610,3124
2.644,-0.085,3124
2.645,0.440,3124
2.646,0.920,3119
2.647,1.258,3119
2.648,1.423,3119
2.649,1.410,3119
2.650,1.192,3119
2.651,0.843,3119
2.652,0.383,3119
2.653,-0.113,3119
2.654,-0.660,3119
2.655,-1.192,3119
2.656,-1.663,3125
2.657,-1.982,3125
2.658,-2.127,3125
2.659,-2.100,3125
2.660,-1.458,3125
2.661,-0.520,3125
2.662,-0.043,3125
2.663,0.502,3125
2.664,0.975,3130
2.665,1.300,3130
2.666,1.438,3130
2.667,1.413,3130
2.668,1.192,3130
2.669,0.838,3130
2.670,0.380,3130
2.671,-0.122,3130
2.672,-0.657,3130
2.673,-1.177,3130
2.674,-1.647,3136
2.675,-1.972,3136
2.676,-2.120,3136
2.677,-2.098,3136
2.678,-1.897,3136
2.679,-1.542,3136
2.680,-0.505,3136
2.681,0.507,3136
2.682,0.938,3139
2.683,1.260,3139
2.684,1.410,3139
2.685,1.390,3139
2.686,1.177,3139
2.687,0.830,3139
2.688,0.383,3139
2.689,-0.113,3139
2.690,-0.645,3139
2.691,-1.167,3139
2.692,-1.633,3131
2.693,-1.950,3131
2.694,-2.098,3131
2.695,-2.058,3131
2.696,-1.867,3131
2.697,-1.512,3131
2.698,-1.058,3131
2.699,-0.578,3131
2.700,0.608,3131
2.701,0.940,3134
2.702,1.387,3134
2.703,1.357,3134
2.704,1.143,3134
2.705,0.775,3134
2.706,0.318,3134
2.707,-0.177,3134
2.708,-0.703,3134
2.709,-1.220,3134
2.710,-1.688,3126
2.711,-1.992,3126
2.712,-2.132,3126
2.713,-2.087,3126
2.714,-1.873,3126
2.715,-1.512,3126
2.716,-1.032,3126
2.717,-0.540,3126
2.718,-0.025,3126
2.719,0.515,3126
2.720,1.333,3130
2.721,1.333,3130
2.722,1.117,3130
2.723,0.777,3130
2.724,0.318,3130
2.725,-0.188,3130
2.726,-0.730,3130
2.727,-1.250,3130
2.728,-1.708,3130
2.729,-2.022,3130
2.730,-2.150,3130
2.731,-2.120,3130
2.732,-1.893,3130
2.733,-1.528,3130
2.734,-1.062,3130
2.735,-0.568,3130
2.736,-0.043,3130
2.737,0.492,3130
2.738,0.940,3130
2.739,1.250,3138
2.740,1.337,3138
2.741,1.077,3138
2.742,0.748,3138
2.743,0.307,3138
2.744,-0.182,3138
2.745,-0.713,3138
2.746,-1.232,3138
2.747,-1.698,3138
2.748,-2.007,3134
2.749,-2.140,3134
2.750,-2.098,3134
2.751,-1.875,3134
2.752,-1.512,3134
2.753,-1.058,3134
2.754,-0.568,3134
2.755,-0.045,3134
2.756,0.497,3134
2.757,0.943,3134
2.758,1.250,3121
2.759,1.393,3121
2.760,1.097,3121
2.761,0.780,3121
2.762,0.338,3121
2.763,-0.165,3121
2.764,-0.698,3121
2.765,-1.212,3121
2.766,-1.692,3121
2.767,-1.992,3115
2.768,-2.132,3115
2.769,-2.098,3115
2.770,-1.877,3115
2.771,-1.528,3115
2.772,-1.052,3115
2.773,-0.568,3115
2.774,-0.048,3115
2.775,0.497,3115
2.776,0.943,3115
2.777,1.252,3117
2.778,1.395,3117
2.779,1.350,3117
2.780,0.708,3117
2.781,0.330,3117
2.782,-0.170,3117
2.783,-0.700,3117
2.784,-1.222,3117
2.785,-1.695,3117
2.786,-2.005,3102
2.787,-2.138,3102
2.788,-2.103,3102
2.789,-1.887,3102
2.790,-1.522,3102
2.791,-1.050,3102
2.792,-0.547,3102
2.793,-0.025,3102
2.794,0.507,3102
2.795,0.953,3102
2.796,1.260,3110
2.797,1.407,3110
2.798,1.373,3110
2.799,1.147,3110
2.800,0.228,3110
2.801,-0.188,3110
2.802,-0.733,3110
2.803,-1.250,3110
2.804,-1.708,3110
2.805,-2.002,3107
2.806,-2.130,3107
2.807,-2.090,3107
2.808,-1.863,3107
2.809,-1.502,3107
2.810,-1.042,3107
2.811,-0.547,3107
2.812,0.048,3107
2.813,0.537,3107
2.814,0.953,3107
2.815,1.262,3127
2.816,1.397,3127
2.817,1.357,3127
2.818,1.117,3127
2.819,0.757,3127
2.820,-0.273,3127
2.821,-0.733,3127
2.822,-1.258,3127
2.823,-1.712,3127
2.824,-2.020,3116
2.825,-2.147,3116
2.826,-2.107,3116
2.827,-1.883,3116
2.828,-1.512,3116
2.829,-1.048,3116
2.830,-0.547,3116
2.831,-0.028,3116
2.832,0.500,3116
2.833,0.940,3116
2.834,1.238,3104
2.835,1.377,3104
2.836,1.333,3104
2.837,1.100,3104
2.838,0.733,3104
2.839,0.273,3104
2.840,-0.833,3104
2.841,-1.387,3104
2.842,-1.732,3104
2.843,-2.005,3122
2.844,-2.127,3122
2.845,-2.083,3122
2.846,-1.857,3122
2.847,-1.495,3122
2.848,-1.032,3122
2.849,-0.537,3122
2.850,-0.018,3122
2.851,0.512,3122
2.852,0.958,3122
2.853,1.252,3110
2.854,1.387,3110
2.855,1.343,3110
2.856,1.107,3110
2.857,0.743,3110
2.858,0.287,3110
2.859,-0.212,3110
2.860,-1.347,3110
2.861,-1.728,3110
2.862,-2.013,3120
2.863,-2.132,3120
2.864,-2.083,3120
2.865,-1.847,3120
2.866,-1.470,3120
2.867,-1.008,3120
2.868,-0.502,3120
2.869,0.037,3120
2.870,0.547,3120
2.871,0.998,3120
2.872,1.272,3110
2.873,1.405,3110
2.874,1.353,3110
2.875,1.110,3110
2.876,0.738,3110
2.877,0.278,3110
2.878,-0.217,3110
2.879,-0.748,3110
2.880,-1.772,3110
2.881,-2.007,3120
2.882,-2.123,3120
2.883,-2.042,3120
2.884,-1.850,3120
2.885,-1.490,3120
2.886,-1.010,3120
2.887,-0.522,3120
2.888,0.022,3120
2.889,0.537,3120
2.890,0.993,3120
2.891,1.268,3112
2.892,1.390,3112
2.893,1.337,3112
2.894,1.095,3112
2.895,0.733,3112
2.896,0.263,3112
2.897,-0.233,3112
2.898,-0.752,3112
2.899,-1.295,3112
2.900,-2.058,3134
2.901,-2.092,3134
2.902,-1.870,3134
2.903,-1.462,3134
2.904,-0.965,3134
2.905,-0.542,3134
2.906,-0.013,3134
2.907,0.515,3134
2.908,0.953,3134
2.909,1.252,3081
2.910,1.383,3081
2.911,1.327,3081
2.912,1.077,3081
2.913,0.705,3081
2.914,0.247,3081
2.915,-0.263,3081
2.916,-0.772,3081
2.917,-1.298,3081
2.918,-1.732,3081
2.919,-2.013,3139
2.920,-2.047,3139
2.921,-1.850,3139
2.922,-1.488,3139
2.923,-1.018,3139
2.924,-0.522,3139
2.925,0.022,3139
2.926,0.542,3139
2.927,0.993,3139
2.928,1.300,3122
2.929,1.413,3122
2.930,1.347,3122
2.931,1.103,3122
2.932,0.740,3122
2.933,0.278,3122
2.934,-0.228,3122
2.935,-0.765,3122
2.936,-1.298,3122
2.937,-1.732,3122
2.938,-2.018,3141
2.939,-2.143,3141
2.940,-1.792,3141
2.941,-1.475,3141
2.942,-0.990,3141
2.943,-0.497,3141
2.944,0.048,3141
2.945,0.568,3141
2.946,1.018,3141
2.947,1.302,3126
2.948,1.397,3126
2.949,1.343,3126
2.950,1.093,3126
2.951,0.710,3126
2.952,0.247,3126
2.953,-0.253,3126
2.954,-0.800,3126
2.955,-1.323,3126
2.956,-1.735,3126
2.957,-2.018,3137
2.958,-2.132,3137
2.959,-2.080,3137
2.960,-1.383,3137
2.961,-0.902,3137
2.962,-0.487,3137
2.963,0.050,3137
2.964,0.573,3137
2.965,1.015,3137
2.966,1.302,3132
2.967,1.407,3132
2.968,1.337,3132
2.969,1.077,3132
2.970,0.693,3132
2.971,0.217,3132
2.972,-0.278,3132
2.973,-0.823,3132
2.974,-1.343,3132
2.975,-1.778,3132
2.976,-2.042,3131
2.977,-2.150,3131
2.978,-2.087,3131
2.979,-1.847,3131
2.980,-0.907,3131
2.981,-0.497,3131
2.982,0.048,3131
2.983,0.568,3131
2.984,1.008,3131
2.985,1.298,3119
2.986,1.403,3119
2.987,1.340,3119
2.988,1.095,3119
2.989,0.713,3119
2.990,0.253,3119
2.991,-0.250,3119
2.992,-0.782,3119
2.993,-1.302,3119
2.994,-1.732,3119
2.995,-2.013,3063
2.996,-2.135,3063
2.997,-2.062,3063
2.998,-1.820,3063
2.999,-1.450,3063
3.000,-0.383,3063
3.001,0.068,3063
3.002,0.583,3063
3.003,1.028,3063
3.004,1.323,3063
3.005,1.417,3116
3.006,1.337,3116
3.007,1.093,3116
3.008,0.708,3116
3.009,0.247,3116
3.010,-0.253,3116
3.011,-0.785,3116
3.012,-1.337,3116
3.013,-1.742,3116
3.014,-2.033,3116
3.015,-2.147,3122
3.016,-2.087,3122
3.017,-1.850,3122
3.018,-1.468,3122
3.019,-0.988,3122
3.020,0.133,3122
3.021,0.573,3122
3.022,1.018,3122
3.023,1.298,3122
3.024,1.407,3087
3.025,1.337,3087
3.026,1.087,3087
3.027,0.703,3087
3.028,0.233,3087
3.029,-0.265,3087
3.030,-0.818,3087
3.031,-1.343,3087
3.032,-1.780,3087
3.033,-2.053,3087
3.034,-2.167,3107
3.035,-2.092,3107
3.036,-1.833,3107
3.037,-1.442,3107
3.038,-0.968,3107
3.039,-0.455,3107
3.040,0.688,3107
3.041,1.038,3107
3.042,1.327,3107
3.043,1.433,3107
3.044,1.355,3107
3.045,1.103,3107
3.046,0.718,3107
3.047,0.237,3107
3.048,-0.260,3107
3.049,-0.807,3107
3.050,-1.337,3107
3.051,-1.775,3107
3.052,-2.033,3107
3.053,-2.135,3120
3.054,-2.058,3120
3.055,-1.817,3120
3.056,-1.448,3120
3.057,-0.975,3120
3.058,-0.482,3120
3.059,0.058,3120
3.060,1.058,3120
3.061,1.260,3120
3.062,1.373,3118
3.063,1.302,3118
3.064,1.038,3118
3.065,0.657,3118
3.066,0.190,3118
3.067,-0.328,3118
3.068,-0.858,3118
3.069,-1.377,3118
3.070,-1.812,3118
3.071,-2.067,3118
3.072,-2.167,3114
3.073,-2.065,3114
3.074,-1.820,3114
3.075,-1.423,3114
3.076,-0.943,3114
3.077,-0.443,3114
3.078,0.092,3114
3.079,0.610,3114
3.080,1.367,3114
3.081,1.448,3118
3.082,1.360,3118
3.083,1.103,3118
3.084,0.713,3118
3.085,0.253,3118
3.086,-0.265,3118
3.087,-0.818,3118
3.088,-1.347,3118
3.089,-1.788,3118
3.090,-2.062,3118
3.091,-2.150,3124
3.092,-2.062,3124
3.093,-1.815,3124
3.094,-1.417,3124
3.095,-0.927,3124
3.096,-0.420,3124
3.097,0.115,3124
3.098,0.632,3124
3.099,1.147,3124
3.100,1.438,3121
3.101,1.103,3121
3.102,0.710,3121
3.103,0.212,3121
3.104,-0.268,3121
3.105,-0.812,3121
3.106,-1.333,3121
3.107,-1.772,3121
3.108,-2.035,3121
3.109,-2.132,3122
3.110,-2.042,3122
3.111,-1.790,3122
3.112,-1.393,3122
3.113,-0.910,3122
3.114,-0.420,3122
3.115,0.113,3122
3.116,0.627,3122
3.117,1.060,3122
3.118,1.330,3122
3.119,1.423,3119
3.120,1.022,3119
3.121,0.688,3119
3.122,0.210,3119
3.123,-0.295,3119
3.124,-0.840,3119
3.125,-1.353,3119
3.126,-1.780,3119
3.127,-2.035,3119
3.128,-2.132,3143
3.129,-2.042,3143
3.130,-1.785,3143
3.131,-1.383,3143
3.132,-0.897,3143
3.133,-0.393,3143
3.134,0.138,3143
3.135,0.657,3143
3.136,1.075,3143
3.137,1.345,3143
3.138,1.423,3133
3.139,1.333,3133
3.140,0.590,3133
3.141,0.058,3133
3.142,-0.347,3133
3.143,-0.863,3133
3.144,-1.390,3133
3.145,-1.812,3133
3.146,-2.067,3133
3.147,-2.163,3132
3.148,-2.060,3132
3.149,-1.808,3132
3.150,-1.403,3132
3.151,-0.910,3132
3.152,-0.410,3132
3.153,0.133,3132
3.154,0.632,3132
3.155,1.058,3132
3.156,1.327,3132
3.157,1.407,3132
3.158,1.310,3132
3.159,1.038,3132
3.160,-0.030,3132
3.161,-0.407,3132
3.162,-0.973,3132
3.163,-1.450,3132
3.164,-1.857,3132
3.165,-2.105,3132
3.166,-2.167,3124
3.167,-2.060,3124
3.168,-1.785,3124
3.169,-1.383,3124
3.170,-0.897,3124
3.171,-0.388,3124
3.172,0.142,3124
3.173,0.662,3124
3.174,1.073,3124
3.175,1.335,3124
3.176,1.417,3114
3.177,1.302,3114
3.178,1.030,3114
3.179,0.627,3114
3.180,-0.430,3114
3.181,-1.008,3114
3.182,-1.510,3114
3.183,-1.853,3114
3.184,-2.123,3114
3.185,-2.165,3144
3.186,-2.062,3144
3.187,-1.802,3144
3.188,-1.393,3144
3.189,-0.912,3144
3.190,-0.407,3144
3.191,0.128,3144
3.192,0.652,3144
3.193,1.067,3144
3.194,1.335,3144
3.195,1.423,3134
3.196,1.325,3134
3.197,1.048,3134
3.198,0.650,3134
3.199,0.175,3134
3.200,-0.948,3134
3.201,-1.383,3134
3.202,-1.802,3134
3.203,-2.038,3134
3.204,-2.127,3125
3.205,-2.030,3125
3.206,-1.762,3125
3.207,-1.363,3125
3.208,-0.882,3125
3.209,-0.375,3125
3.210,0.152,3125
3.211,0.667,3125
3.212,1.075,3125
3.213,1.333,3125
3.214,1.400,3130
3.215,1.295,3130
3.216,1.022,3130
3.217,0.623,3130
3.218,0.150,3130
3.219,-0.350,3130
3.220,-1.462,3130
3.221,-1.802,3130
3.222,-2.042,3130
3.223,-2.127,3139
3.224,-2.022,3139
3.225,-1.778,3139
3.226,-1.375,3139
3.227,-0.897,3139
3.228,-0.390,3139
3.229,0.140,3139
3.230,0.657,3139
3.231,1.058,3139
3.232,1.312,3139
3.233,1.390,3128
3.234,1.270,3128
3.235,1.018,3128
3.236,0.613,3128
3.237,0.142,3128
3.238,-0.362,3128
3.239,-0.892,3128
3.240,-1.870,3128
3.241,-2.033,3128
3.242,-2.132,3125
3.243,-2.027,3125
3.244,-1.768,3125
3.245,-1.365,3125
3.246,-0.887,3125
3.247,-0.383,3125
3.248,0.147,3125
3.249,0.662,3125
3.250,1.073,3125
3.251,1.340,3125
3.252,1.413,3129
3.253,1.308,3129
3.254,1.032,3129
3.255,0.635,3129
3.256,0.158,3129
3.257,-0.347,3129
3.258,-0.887,3129
3.259,-1.403,3129
3.260,-2.087,3129
3.261,-2.138,3129
3.262,-2.033,3125
3.263,-1.770,3125
3.264,-1.363,3125
3.265,-0.882,3125
3.266,-0.372,3125
3.267,0.158,3125
3.268,0.667,3125
3.269,1.073,3125
3.270,1.333,3125
3.271,1.390,3125
3.272,1.272,3136
3.273,1.008,3136
3.274,0.608,3136
3.275,0.135,3136
3.276,-0.375,3136
3.277,-0.902,3136
3.278,-1.423,3136
3.279,-1.840,3136
3.280,-2.143,3122
3.281,-1.708,3122
3.282,-1.337,3122
3.283,-0.890,3122
3.284,-0.372,3122
3.285,0.172,3122
3.286,0.690,3122
3.287,1.095,3122
3.288,1.357,3122
3.289,1.433,3122
3.290,1.335,3167
3.291,1.052,3167
3.292,0.637,3167
3.293,0.160,3167
3.294,-0.350,3167
3.295,-0.890,3167
3.296,-1.403,3167
3.297,-1.847,3167
3.298,-2.058,3167
3.299,-2.138,3167
3.300,-1.702,3118
3.301,-0.820,3118
3.302,-0.362,3118
3.303,0.155,3118
3.304,0.667,3118
3.305,1.073,3118
3.306,1.312,3118
3.307,1.387,3118
3.308,1.262,3106
3.309,0.990,3106
3.310,0.580,3106
3.311,0.107,3106
3.312,-0.403,3106
3.313,-0.935,3106
3.314,-1.448,3106
3.315,-1.840,3106
3.316,-2.062,3106
3.317,-2.127,3106
3.318,-2.018,3108
3.319,-1.738,3108
3.320,-0.777,3108
3.321,-0.370,3108
3.322,0.177,3108
3.323,0.667,3108
3.324,1.067,3108
3.325,1.308,3108
3.326,1.373,3108
3.327,1.250,3119
3.328,0.975,3119
3.329,0.578,3119
3.330,0.098,3119
3.331,-0.405,3119
3.332,-0.938,3119
3.333,-1.458,3119
3.334,-1.857,3119
3.335,-2.087,3119
3.336,-2.143,3119
3.337,-2.022,3112
3.338,-1.728,3112
3.339,-1.312,3112
3.340,-0.230,3112
3.341,0.253,3112
3.342,0.718,3112
3.343,1.107,3112
3.344,1.353,3112
3.345,1.420,3112
3.346,1.302,3125
3.347,1.008,3125
3.348,0.595,3125
3.349,0.115,3125
3.350,-0.407,3125
3.351,-0.948,3125
3.352,-1.462,3125
3.353,-1.863,3125
3.354,-2.098,3125
3.355,-2.167,3125
3.356,-2.042,3112
3.357,-1.768,3112
3.358,-1.347,3112
3.359,-0.863,3112
3.360,0.278,3112
3.361,0.708,3112
3.362,1.100,3112
3.363,1.347,3112
3.364,1.415,3112
3.365,1.298,3126
3.366,1.002,3126
3.367,0.580,3126
3.368,0.092,3126
3.369,-0.427,3126
3.370,-0.978,3126
3.371,-1.488,3126
3.372,-1.890,3126
3.373,-2.123,3126
3.374,-2.185,3126
3.375,-2.065,3127
3.376,-1.780,3127
3.377,-1.367,3127
3.378,-0.873,3127
3.379,-0.365,3127
3.380,0.757,3127
3.381,1.340,3127
3.382,1.390,3127
3.383,1.262,3137
3.384,0.978,3137
3.385,0.568,3137
3.386,0.090,3137
3.387,-0.420,3137
3.388,-0.968,3137
3.389,-1.468,3137
3.390,-1.860,3137
3.391,-2.098,3137
3.392,-2.152,3137
3.393,-2.022,3130
3.394,-1.762,3130
3.395,-1.353,3130
3.396,-0.863,3130
3.397,-0.352,3130
3.398,0.188,3130
3.399,0.708,3130
3.400,1.347,3130
3.401,1.393,3130
3.402,1.258,3138
3.403,0.955,3138
3.404,0.550,3138
3.405,0.077,3138
3.406,-0.432,3138
3.407,-0.978,3138
3.408,-1.485,3138
3.409,-1.867,3138
3.410,-2.092,3138
3.411,-2.145,3138
3.412,-2.020,3142
3.413,-1.728,3142
3.414,-1.323,3142
3.415,-0.840,3142
3.416,-0.333,3142
3.417,0.207,3142
3.418,0.703,3142
3.419,1.087,3142
3.420,1.367,3142
3.421,1.232,3148
3.422,0.940,3148
3.423,0.537,3148
3.424,0.058,3148
3.425,-0.450,3148
3.426,-0.983,3148
3.427,-1.488,3148
3.428,-1.875,3148
3.429,-2.098,3148
3.430,-2.145,3148
3.431,-2.013,3125
3.432,-1.710,3125
3.433,-1.298,3125
3.434,-0.812,3125
3.435,-0.297,3125
3.436,0.233,3125
3.437,0.738,3125
3.438,1.137,3125
3.439,1.373,3125
3.440,1.230,3096
3.441,0.545,3096
3.442,0.075,3096
3.443,-0.443,3096
3.444,-0.983,3096
3.445,-1.492,3096
3.446,-1.877,3096
3.447,-2.105,3096
3.448,-2.150,3096
3.449,-2.022,3136
3.450,-1.728,3136
3.451,-1.320,3136
3.452,-0.825,3136
3.453,-0.305,3136
3.454,0.228,3136
3.455,0.738,3136
3.456,1.120,3136
3.457,1.353,3136
3.458,1.415,3136
3.459,1.272,3132
3.460,0.465,3132
3.461,0.062,3132
3.462,-0.463,3132
3.463,-1.008,3132
3.464,-1.505,3132
3.465,-1.887,3132
3.466,-2.103,3132
3.467,-2.150,3132
3.468,-2.022,3133
3.469,-1.730,3133
3.470,-1.325,3133
3.471,-0.833,3133
3.472,-0.328,3133
3.473,0.228,3133
3.474,0.728,3133
3.475,1.133,3133
3.476,1.357,3133
3.477,1.423,3133
3.478,1.300,3141
3.479,0.978,3141
3.480,-0.018,3141
3.481,-0.593,3141
3.482,-1.008,3141
3.483,-1.505,3141
3.484,-1.895,3141
3.485,-2.125,3141
3.486,-2.172,3141
3.487,-2.042,3114
3.488,-1.745,3114
3.489,-1.300,3114
3.490,-0.840,3114
3.491,-0.320,3114
3.492,0.233,3114
3.493,0.748,3114
3.494,1.143,3114
3.495,1.413,3114
3.496,1.258,3114
3.497,0.948,3114
3.498,0.532,3114
3.499,0.048,3114
3.500,-1.097,3114
3.501,-1.502,3114
3.502,-1.883,3114
3.503,-2.087,3114
3.504,-2.123,3114
3.505,-1.982,3122
3.506,-1.683,3122
3.507,-1.258,3122
3.508,-0.772,3122
3.509,-0.268,3122
3.510,0.268,3122
3.511,0.767,3122
3.512,1.153,3122
3.513,1.370,3122
3.514,1.417,3122
3.515,1.258,3122
3.516,0.945,3123
3.517,0.515,3123
3.518,0.048,3123
3.519,-0.490,3123
3.520,-1.610,3123
3.521,-1.907,3123
3.522,-2.112,3123
3.523,-2.152,3123
3.524,-2.018,3123
3.525,-1.725,3117
3.526,-1.292,3117
3.527,-0.818,3117
3.528,-0.292,3117
3.529,0.245,3117
3.530,0.748,3117
3.531,1.133,3117
3.532,1.350,3117
3.533,1.395,3117
3.534,1.240,3117
3.535,0.943,3127
3.536,0.505,3127
3.537,0.028,3127
3.538,-0.500,3127
3.539,-1.032,3127
3.540,-1.972,3127
3.541,-2.132,3127
3.542,-2.160,3127
3.543,-2.015,3127
3.544,-1.702,3110
3.545,-1.248,3110
3.546,-0.757,3110
3.547,-0.242,3110
3.548,0.307,3110
3.549,0.810,3110
3.550,1.183,3110
3.551,1.387,3110
3.552,1.433,3110
3.553,1.262,3110
3.554,0.960,3120
3.555,0.527,3120
3.556,0.050,3120
3.557,-0.487,3120
3.558,-1.022,3120
3.559,-1.522,3120
3.560,-2.123,3120
3.561,-2.132,3120
3.562,-1.985,3120
3.563,-1.677,3100
3.564,-1.232,3100
3.565,-0.743,3100
3.566,-0.242,3100
3.567,0.295,3100
3.568,0.782,3100
3.569,1.160,3100
3.570,1.367,3100
3.571,1.410,3100
3.572,1.250,3100
3.573,0.938,3115
3.574,0.502,3115
3.575,0.022,3115
3.576,-0.505,3115
3.577,-1.042,3115
3.578,-1.542,3115
3.579,-1.927,3115
3.580,-2.132,3115
3.581,-1.670,3107
3.582,-1.202,3107
3.583,-0.757,3107
3.584,-0.282,3107
3.585,0.273,3107
3.586,0.745,3107
3.587,1.115,3107
3.588,1.337,3107
3.589,1.383,3107
3.590,1.230,3107
3.591,0.927,3164
3.592,0.502,3164
3.593,0.028,3164
3.594,-0.490,3164
3.595,-1.018,3164
3.596,-1.508,3164
3.597,-1.863,3164
3.598,-2.062,3164
3.599,-2.112,3164
3.600,-1.607,3123
3.601,-0.740,3123
3.602,-0.247,3123
3.603,0.287,3123
3.604,0.782,3123
3.605,1.157,3123
3.606,1.380,3123
3.607,1.417,3123
3.608,1.260,3123
3.609,0.950,3123
3.610,0.517,3123
3.611,0.043,3123
3.612,-0.492,3123
3.613,-1.032,3123
3.614,-1.532,3123
3.615,-1.907,3123
3.616,-2.112,3123
3.617,-2.143,3123
3.618,-1.992,3123
3.619,-1.683,3125
3.620,-0.672,3125
3.621,-0.193,3125
3.622,0.302,3125
3.623,0.752,3125
3.624,1.120,3125
3.625,1.335,3125
3.626,1.373,3125
3.627,1.212,3125
3.628,0.907,3120
3.629,0.468,3120
3.630,-0.007,3120
3.631,-0.507,3120
3.632,-1.032,3120
3.633,-1.528,3120
3.634,-1.893,3120
3.635,-2.098,3120
3.636,-2.123,3120
3.637,-1.970,3120
3.638,-1.657,3135
3.639,-1.215,3135
3.640,-0.048,3135
3.641,0.818,3135
3.642,1.157,3135
3.643,1.350,3135
3.644,1.377,3135
3.645,1.218,3135
3.646,0.910,3138
3.647,0.468,3138
3.648,-0.015,3138
3.649,-0.512,3138
3.650,-1.052,3138
3.651,-1.538,3138
3.652,-1.907,3138
3.653,-2.100,3138
3.654,-2.130,3138
3.655,-1.968,3138
3.656,-1.653,3144
3.657,-1.210,3144
3.658,-0.728,3144
3.659,-0.217,3144
3.660,0.892,3144
3.661,1.195,3144
3.662,1.395,3144
3.663,1.425,3144
3.664,1.215,3144
3.665,0.910,3135
3.666,-0.048,3135
3.667,-0.532,3135
3.668,-1.107,3135
3.669,-1.570,3135
3.670,-1.930,3135
3.671,-2.107,3135
3.672,-2.135,3135
3.673,-1.945,3135
3.674,-1.567,3118
3.675,-0.703,3118
3.676,-0.205,3118
3.677,0.340,3118
3.678,0.833,3118
3.679,1.225,3118
3.680,1.407,3118
3.681,0.905,3108
3.682,-0.030,3108
3.683,-0.532,3108
3.684,-1.058,3108
3.685,-1.552,3108
3.686,-1.923,3108
3.687,-2.138,3108
3.688,-2.112,3108
3.689,-1.952,3108
3.690,-1.647,3120
3.691,-1.208,3120
3.692,-0.710,3120
3.693,-0.205,3120
3.694,0.315,3120
3.695,0.800,3120
3.696,1.167,3120
3.697,1.360,3120
3.698,1.380,3120
3.699,1.212,3120
3.700,0.375,3128
3.701,-0.568,3128
3.702,-1.093,3128
3.703,-1.575,3128
3.704,-1.938,3128
3.705,-2.112,3128
3.706,-2.130,3128
3.707,-1.960,3128
3.708,-1.633,3130
3.709,-1.185,3130
3.710,-0.703,3130
3.711,-0.193,3130
3.712,0.340,3130
3.713,0.823,3130
3.714,1.188,3130
3.715,1.380,3130
3.716,1.393,3130
3.717,1.218,3130
3.718,0.895,3135
3.719,0.453,3135
3.720,-0.647,3135
3.721,-1.097,3135
3.722,-1.603,3135
3.723,-1.952,3135
3.724,-2.130,3135
3.725,-2.140,3135
3.726,-1.968,3135
3.727,-1.647,3124
3.728,-1.183,3124
3.729,-0.700,3124
3.730,-0.188,3124
3.731,0.352,3124
3.732,0.843,3124
3.733,1.192,3124
3.734,1.393,3124
3.735,1.407,3124
3.736,1.232,3124
3.737,0.907,3120
3.738,0.463,3120
3.739,-0.013,3120
3.740,-1.133,3120
3.741,-1.538,3120
3.742,-1.887,3120
3.743,-2.085,3120
3.744,-2.098,3120
3.745,-1.935,3120
3.746,-1.617,3119
3.747,-1.173,3119
3.748,-0.693,3119
3.749,-0.177,3119
3.750,0.372,3119
3.751,0.853,3119
3.752,1.208,3119
3.753,1.387,3119
3.754,1.407,3119
3.755,1.230,3119
3.756,0.907,3125
3.757,0.465,3125
3.758,-0.013,3125
3.759,-0.530,3125
3.760,-1.617,3125
3.761,-1.940,3125
3.762,-2.085,3125
3.763,-2.100,3125
3.764,-1.972,3125
3.765,-1.550,3114
3.766,-0.645,3114
3.767,-0.182,3114
3.768,0.422,3114
3.769,0.838,3114
3.770,1.192,3114
3.771,1.373,3114
3.772,1.377,3114
3.773,1.228,3114
3.774,0.902,3114
3.775,0.458,3136
3.776,-0.062,3136
3.777,-0.573,3136
3.778,-1.103,3136
3.779,-1.613,3136
3.780,-2.138,3136
3.781,-2.138,3136
3.782,-1.952,3136
3.783,-1.643,3136
3.784,-1.190,3100
3.785,-0.693,3100
3.786,-0.185,3100
3.787,0.347,3100
3.788,0.833,3100
3.789,1.183,3100
3.790,1.377,3100
3.791,1.387,3100
3.792,1.218,3100
3.793,0.887,3100
3.794,0.448,3107
3.795,-0.058,3107
3.796,-0.568,3107
3.797,-1.103,3107
3.798,-1.583,3107
3.799,-1.940,3107
3.800,-2.120,3107
3.801,-1.962,3107
3.802,-1.643,3107
3.803,-1.183,3117
3.804,-0.690,3117
3.805,-0.177,3117
3.806,0.375,3117
3.807,0.863,3117
3.808,1.218,3117
3.809,1.397,3117
3.810,1.415,3117
3.811,1.228,3117
3.812,0.897,3117
3.813,0.458,3115
3.814,-0.050,3115
3.815,-0.562,3115
3.816,-1.097,3115
3.817,-1.585,3115
3.818,-1.942,3115
3.819,-2.123,3115
3.820,-1.900,3115
3.821,-1.627,3115
3.822,-1.188,3125
3.823,-0.688,3125
3.824,-0.172,3125
3.825,0.370,3125
3.826,0.855,3125
3.827,1.198,3125
3.828,1.383,3125
3.829,1.395,3125
3.830,1.220,3125
3.831,0.892,3125
3.832,0.458,3116
3.833,-0.048,3116
3.834,-0.562,3116
3.835,-1.093,3116
3.836,-1.577,3116
3.837,-1.933,3116
3.838,-2.103,3116
3.839,-2.112,3116
3.840,-1.542,3116
3.841,-1.165,3103
3.842,-0.662,3103
3.843,-0.142,3103
3.844,0.383,3103
3.845,0.863,3103
3.846,1.208,3103
3.847,1.383,3103
3.848,1.387,3103
3.849,1.202,3103
3.850,0.868,3103
3.851,0.422,3107
3.852,-0.072,3107
3.853,-0.590,3107
3.854,-1.130,3107
3.855,-1.620,3107
3.856,-1.962,3107
3.857,-2.130,3107
3.858,-2.123,3107
3.859,-1.948,3107
3.860,-1.065,3112
3.861,-0.130,3112
3.862,0.407,3112
3.863,0.875,3112
3.864,1.218,3112
3.865,1.390,3112
3.866,1.393,3112
3.867,1.198,3112
3.868,0.863,3112
3.869,0.388,3119
3.870,-0.087,3119
3.871,-0.598,3119
3.872,-1.137,3119
3.873,-1.613,3119
3.874,-1.952,3119
3.875,-2.127,3119
3.876,-2.127,3119
3.877,-1.952,3119
3.878,-1.623,3119
3.879,-1.183,3151
3.880,-0.090,3151
3.881,0.355,3151
3.882,0.833,3151
3.883,1.188,3151
3.884,1.360,3151
3.885,1.367,3151
3.886,1.183,3151
3.887,0.850,3151
3.888,0.407,3124
3.889,-0.092,3124
3.890,-0.613,3124
3.891,-1.143,3124
3.892,-1.623,3124
3.893,-1.962,3124
3.894,-2.123,3124
3.895,-2.110,3124
3.896,-1.938,3124
3.897,-1.603,3124
3.898,-1.147,3144
3.899,-0.665,3144
3.900,0.472,3144
3.901,0.873,3144
3.902,1.215,3144
3.903,1.387,3144
3.904,1.383,3144
3.905,1.192,3144
3.906,0.858,3144
3.907,0.415,3137
3.908,-0.092,3137
3.909,-0.608,3137
3.910,-1.137,3137
3.911,-1.620,3137
3.912,-1.968,3137
3.913,-2.127,3137
3.914,-2.130,3137
3.915,-1.942,3137
3.916,-1.585,3137
3.917,-1.135,3129
3.918,-0.623,3129
3.919,-0.113,3129
3.920,0.958,3129
3.921,1.228,3129
3.922,1.407,3129
3.923,1.395,3129
3.924,1.205,3129
3.925,0.853,3129
3.926,0.393,3136
3.927,-0.113,3136
3.928,-0.642,3136
3.929,-1.173,3136
3.930,-1.655,3136
3.931,-1.982,3136
3.932,-2.143,3136
3.933,-2.138,3136
3.934,-1.942,3136
3.935,-1.587,3136
3.936,-1.143,3135
3.937,-0.652,3135
3.938,-0.128,3135
3.939,0.407,3135
3.940,1.252,3135
3.941,1.383,3135
3.942,1.377,3135
3.943,1.177,3135
3.944,0.845,3135
3.945,0.398,3139
3.946,-0.110,3139
3.947,-0.623,3139
3.948,-1.163,3139
3.949,-1.633,3139
3.950,-1.962,3139
3.951,-2.112,3139
3.952,-2.107,3139
3.953,-1.903,3139
3.954,-1.560,3139
3.955,-1.097,3135
3.956,-0.588,3135
3.957,-0.072,3135
3.958,0.460,3135
3.959,0.932,3135
3.960,1.433,3135
3.961,1.397,3135
3.962,1.198,3135
3.963,0.858,3135
3.964,0.393,3129
3.965,-0.113,3129
3.966,-0.670,3129
3.967,-1.167,3129
3.968,-1.643,3129
3.969,-1.968,3129
3.970,-2.112,3129
3.971,-2.092,3129
3.972,-1.893,3129
3.973,-1.528,3129
3.974,-1.075,3130
3.975,-0.583,3130
3.976,-0.072,3130
3.977,0.458,3130
3.978,0.915,3130
3.979,1.238,3130
3.980,1.367,3130
3.981,1.177,3130
3.982,0.828,3130
3.983,0.378,3135
3.984,-0.128,3135
3.985,-0.652,3135
3.986,-1.183,3135
3.987,-1.653,3135
3.988,-1.980,3135
3.989,-2.130,3135
3.990,-2.103,3135
3.991,-1.893,3135
3.992,-1.542,3135
3.993,-1.087,3125
3.994,-0.588,3125
3.995,-0.077,3125
3.996,0.453,3125
3.997,0.927,3125
3.998,1.255,3125
3.999,1.423,3125
4.000,1.147,3125
4.001,0.752,3125
4.002,0.287,3131
4.003,-0.725,3131
4.004,-1.212,3131
4.005,-1.683,3131
4.006,-2.005,3131
4.007,-2.138,3131
4.008,-2.123,3131
4.009,-1.925,3131
4.010,-1.548,3131
4.011,-1.087,3121
4.012,-0.583,3121
4.013,-0.068,3121
4.014,0.470,3121
4.015,0.938,3121
4.016,1.262,3121
4.017,1.427,3121
4.018,1.415,3121
4.019,1.208,3121
4.020,0.318,3126
4.021,-0.705,3126
4.022,-1.212,3126
4.023,-1.725,3126
4.024,-2.022,3126
4.025,-2.138,3126
4.026,-2.103,3126
4.027,-1.893,3126
4.028,-1.540,3126
4.029,-1.070,3126
4.030,-0.583,3103
4.031,-0.062,3103
4.032,0.458,3103
4.033,0.907,3103
4.034,1.268,3103
4.035,1.377,3103
4.036,1.353,3103
4.037,1.147,3103
4.038,0.790,3103
4.039,0.347,3103
4.040,-0.762,3120
4.041,-1.688,3120
4.042,-2.007,3120
4.043,-2.150,3120
4.044,-2.132,3120
4.045,-1.933,3120
4.046,-1.567,3120
4.047,-1.107,3120
4.048,-0.615,3125
4.049,-0.098,3125
4.050,0.448,3125
4.051,0.907,3125
4.052,1.228,3125
4.053,1.390,3125
4.054,1.373,3125
4.055,1.170,3125
4.056,0.823,3125
4.057,0.357,3125
4.058,-0.135,3111
4.059,-0.672,3111
4.060,-1.732,3111
4.061,-2.000,3111
4.062,-2.135,3111
4.063,-2.107,3111
4.064,-1.897,3111
4.065,-1.540,3111
4.066,-1.090,3111
4.067,-0.583,3105
4.068,-0.068,3105
4.069,0.455,3105
4.070,0.910,3105
4.071,1.232,3105
4.072,1.387,3105
4.073,1.357,3105
4.074,1.163,3105
4.075,0.812,3105
4.076,0.350,3105
4.077,-0.138,3122
4.078,-0.672,3122
4.079,-1.202,3122
4.080,-2.007,3122
4.081,-2.112,3122
4.082,-2.087,3122
4.083,-1.870,3122
4.084,-1.508,3122
4.085,-1.052,3122
4.086,-0.552,3123
4.087,-0.022,3123
4.088,0.505,3123
4.089,0.958,3123
4.090,1.262,3123
4.091,1.407,3123
4.092,1.377,3123
4.093,1.155,3123
4.094,0.787,3123
4.095,0.335,3123
4.096,-0.172,3097
4.097,-0.713,3097
4.098,-1.232,3097
4.099,-1.700,3097
4.100,-2.145,3097
4.101,-2.103,3097
4.102,-1.875,3097
4.103,-1.542,3097
4.104,-1.083,3097
4.105,-0.583,3123
4.106,-0.045,3123
4.107,0.492,3123
4.108,0.948,3123
4.109,1.268,3123
4.110,1.427,3123
4.111,1.407,3123
4.112,1.188,3123
4.113,0.830,3123
4.114,0.375,3123
4.115,-0.135,3117
4.116,-0.682,3117
4.117,-1.212,3117
4.118,-1.683,3117
4.119,-1.992,3117
4.120,-2.087,3117
4.121,-1.903,3117
4.122,-1.542,3117
4.123,-1.093,3117
4.124,-0.593,3122
4.125,-0.070,3122
4.126,0.448,3122
4.127,0.902,3122
4.128,1.218,3122
4.129,1.367,3122
4.130,1.337,3122
4.131,1.113,3122
4.132,0.752,3122
4.133,0.302,3122
4.134,-0.200,3119
4.135,-0.738,3119
4.136,-1.252,3119
4.137,-1.712,3119
4.138,-2.018,3119
4.139,-2.147,3119
4.140,-1.823,3119
4.141,-1.425,3119
4.142,-1.028,3119
4.143,-0.512,3135
4.144,0.555,3135
4.145,0.953,3135
4.146,1.252,3135
4.147,1.397,3135
4.148,1.357,3135
4.149,1.140,3135
4.150,0.767,3135
4.151,0.307,3135
4.152,-0.193,3094
4.153,-0.730,3094
4.154,-1.232,3094
4.155,-1.695,3094
4.156,-1.992,3094
4.157,-2.135,3094
4.158,-2.087,3094
4.159,-1.867,3094
4.160,-0.988,3094
4.161,-0.540,3120
4.162,-0.030,3120
4.163,0.497,3120
4.164,0.983,3120
4.165,1.252,3120
4.166,1.397,3120
4.167,1.357,3120
4.168,1.143,3120
4.169,0.772,3120
4.170,0.312,3120
4.171,-0.177,3132
4.172,-0.723,3132
4.173,-1.228,3132
4.174,-1.675,3132
4.175,-1.972,3132
4.176,-2.103,3132
4.177,-2.058,3132
4.178,-1.833,3132
4.179,-1.468,3132
4.180,-0.432,3134
4.181,0.573,3134
4.182,0.958,3134
4.183,1.258,3134
4.184,1.393,3134
4.185,1.347,3134
4.186,1.115,3134
4.187,0.743,3134
4.188,0.280,3134
4.189,-0.215,3087
4.190,-0.767,3087
4.191,-1.295,3087
4.192,-1.740,3087
4.193,-2.042,3087
4.194,-2.167,3087
4.195,-2.123,3087
4.196,-1.893,3087
4.197,-1.522,3087
4.198,-1.055,3087
4.199,-0.547,3121
4.200,0.583,3121
4.201,0.988,3121
4.202,1.295,3121
4.203,1.407,3121
4.204,1.353,3121
4.205,1.117,3121
4.206,0.748,3121
4.207,0.275,3121
4.208,-0.223,3093
4.209,-0.767,3093
4.210,-1.300,3093
4.211,-1.738,3093
4.212,-2.033,3093
4.213,-2.167,3093
4.214,-2.123,3093
4.215,-1.893,3093
4.216,-1.522,3093
4.217,-1.052,3093
4.218,-0.547,3139
4.219,-0.028,3139
4.220,1.012,3139
4.221,1.232,3139
4.222,1.375,3139
4.223,1.327,3139
4.224,1.093,3139
4.225,0.728,3139
4.226,0.278,3139
4.227,-0.207,3141
4.228,-0.748,3141
4.229,-1.260,3141
4.230,-1.712,3141
4.231,-2.005,3141
4.232,-2.127,3141
4.233,-2.053,3141
4.234,-1.843,3141
4.235,-1.468,3141
4.236,-1.002,3141
4.237,-0.507,3124
4.238,0.048,3124
4.239,0.552,3124
4.240,1.333,3124
4.241,1.417,3124
4.242,1.373,3124
4.243,1.133,3124
4.244,0.755,3124
4.245,0.292,3124
4.246,-0.210,3108
4.247,-0.757,3108
4.248,-1.288,3108
4.249,-1.728,3108
4.250,-2.022,3108
4.251,-2.143,3108
4.252,-2.092,3108
4.253,-1.857,3108
4.254,-1.492,3108
4.255,-0.993,3108
4.256,-0.527,3112
4.257,-0.007,3112
4.258,0.515,3112
4.259,0.958,3112
4.260,1.385,3112
4.261,1.333,3112
4.262,1.073,3112
4.263,0.730,3112
4.264,0.273,3112
4.265,-0.242,3122
4.266,-0.782,3122
4.267,-1.323,3122
4.268,-1.765,3122
4.269,-2.053,3122
4.270,-2.170,3122
4.271,-2.127,3122
4.272,-1.893,3122
4.273,-1.522,3122
4.274,-1.042,3122
4.275,-0.532,3122
4.276,0.013,3127
4.277,0.545,3127
4.278,0.988,3127
4.279,1.292,3127
4.280,1.333,3127
4.281,1.055,3127
4.282,0.728,3127
4.283,0.270,3127
4.284,-0.240,3127
4.285,-0.777,3106
4.286,-1.327,3106
4.287,-1.748,3106
4.288,-2.020,3106
4.289,-2.138,3106
4.290,-2.083,3106
4.291,-1.847,3106
4.292,-1.465,3106
4.293,-0.988,3106
4.294,-0.497,3106
4.295,0.043,3109
4.296,0.568,3109
4.297,0.998,3109
4.298,1.298,3109
4.299,1.407,3109
4.300,1.060,3109
4.301,0.728,3109
4.302,0.273,3109
4.303,-0.230,3109
4.304,-0.762,3116
4.305,-1.308,3116
4.306,-1.738,3116
4.307,-2.022,3116
4.308,-2.143,3116
4.309,-2.092,3116
4.310,-1.853,3116
4.311,-1.472,3116
4.312,-1.002,3116
4.313,-0.502,3116
4.314,0.037,3116
4.315,0.555,3116
4.316,0.988,3116
4.317,1.268,3116
4.318,1.387,3116
4.319,1.327,3116
4.320,0.627,3116
4.321,0.233,3116
4.322,-0.258,3116
4.323,-0.802,3109
4.324,-1.337,3109
4.325,-1.772,3109
4.326,-2.035,3109
4.327,-2.147,3109
4.328,-2.090,3109
4.329,-1.853,3109
4.330,-1.468,3109
4.331,-1.000,3109
4.332,-0.505,3109
4.333,0.037,3118
4.334,0.555,3118
4.335,0.983,3118
4.336,1.268,3118
4.337,1.395,3118
4.338,1.343,3118
4.339,1.100,3118
4.340,0.185,3118
4.341,-0.228,3118
4.342,-0.767,3118
4.343,-1.302,3118
4.344,-1.728,3118
4.345,-2.020,3118
4.346,-2.132,3118
4.347,-2.067,3118
4.348,-1.843,3118
4.349,-1.470,3118
4.350,-1.005,3118
4.351,-0.507,3118
4.352,0.062,3124
4.353,0.557,3124
4.354,0.993,3124
4.355,1.272,3124
4.356,1.395,3124
4.357,1.343,3124
4.358,1.087,3124
4.359,0.718,3124
4.360,-0.333,3124
4.361,-0.777,3118
4.362,-1.320,3118
4.363,-1.735,3118
4.364,-2.018,3118
4.365,-2.127,3118
4.366,-2.053,3118
4.367,-1.812,3118
4.368,-1.427,3118
4.369,-0.970,3118
4.370,-0.458,3118
4.371,0.070,3125
4.372,0.593,3125
4.373,1.018,3125
4.374,1.308,3125
4.375,1.417,3125
4.376,1.347,3125
4.377,1.097,3125
4.378,0.718,3125
4.379,0.253,3125
4.380,-0.887,3125
4.381,-1.772,3125
4.382,-2.047,3125
4.383,-2.163,3125
4.384,-2.092,3125
4.385,-1.843,3125
4.386,-1.462,3125
4.387,-0.990,3125
4.388,-0.482,3125
4.389,0.060,3127
4.390,0.583,3127
4.391,1.028,3127
4.392,1.310,3127
4.393,1.417,3127
4.394,1.347,3127
4.395,1.093,3127
4.396,0.708,3127
4.397,0.233,3127
4.398,-0.270,3127
4.399,-0.823,3136
4.400,-1.853,3136
4.401,-2.083,3136
4.402,-2.178,3136
4.403,-2.107,3136
4.404,-1.857,3136
4.405,-1.468,3136
4.406,-0.985,3136
4.407,-0.487,3136
4.408,0.060,3132
4.409,0.593,3132
4.410,1.025,3132
4.411,1.310,3132
4.412,1.415,3132
4.413,1.340,3132
4.414,1.077,3132
4.415,0.690,3132
4.416,0.217,3132
4.417,-0.292,3132
4.418,-0.840,3135
4.419,-1.365,3135
4.420,-2.062,3135
4.421,-2.138,3135
4.422,-2.053,3135
4.423,-1.815,3135
4.424,-1.423,3135
4.425,-0.963,3135
4.426,-0.455,3135
4.427,0.068,3134
4.428,0.588,3134
4.429,1.022,3134
4.430,1.298,3134
4.431,1.385,3134
4.432,1.310,3134
4.433,1.052,3134
4.434,0.670,3134
4.435,0.198,3134
4.436,-0.290,3134
4.437,-0.820,3137
4.438,-1.340,3137
4.439,-1.742,3137
4.440,-2.112,3137
4.441,-2.033,3137
4.442,-1.792,3137
4.443,-1.403,3137
4.444,-0.932,3137
4.445,-0.445,3137
4.446,0.087,3146
4.447,0.598,3146
4.448,1.048,3146
4.449,1.317,3146
4.450,1.415,3146
4.451,1.337,3146
4.452,1.077,3146
4.453,0.688,3146
4.454,0.198,3146
4.455,-0.285,3146
4.456,-0.820,3136
4.457,-1.363,3136
4.458,-1.780,3136
4.459,-2.042,3136
4.460,-2.025,3136
4.461,-1.817,3136
4.462,-1.430,3136
4.463,-0.963,3136
4.464,-0.458,3136
4.465,0.072,3153
4.466,0.588,3153
4.467,1.012,3153
4.468,1.265,3153
4.469,1.383,3153
4.470,1.310,3153
4.471,1.058,3153
4.472,0.662,3153
4.473,0.190,3153
4.474,-0.302,3153
4.475,-0.843,3149
4.476,-1.373,3149
4.477,-1.788,3149
4.478,-2.047,3149
4.479,-2.138,3149
4.480,-1.732,3149
4.481,-1.387,3149
4.482,-0.922,3149
4.483,-0.415,3149
4.484,0.130,3135
4.485,0.652,3135
4.486,1.070,3135
4.487,1.347,3135
4.488,1.438,3135
4.489,1.357,3135
4.490,1.100,3135
4.491,0.703,3135
4.492,0.225,3135
4.493,-0.273,3135
4.494,-0.812,3136
4.495,-1.345,3136
4.496,-1.772,3136
4.497,-2.030,3136
4.498,-2.132,3136
4.499,-2.047,3136
4.500,-1.337,3136
4.501,-0.927,3136
4.502,-0.427,3136
4.503,0.100,3119
4.504,0.618,3119
4.505,1.048,3119
4.506,1.323,3119
4.507,1.417,3119
4.508,1.347,3119
4.509,1.087,3119
4.510,0.695,3119
4.511,0.220,3119
4.512,-0.285,3119
4.513,-0.828,3127
4.514,-1.367,3127
4.515,-1.788,3127
4.516,-2.033,3127
4.517,-2.140,3127
4.518,-2.050,3127
4.519,-1.805,3127
4.520,-0.843,3127
4.521,-0.417,3127
4.522,0.117,3120
4.523,0.635,3120
4.524,1.060,3120
4.525,1.333,3120
4.526,1.420,3120
4.527,1.333,3120
4.528,1.067,3120
4.529,0.672,3120
4.530,0.207,3120
4.531,-0.292,3120
4.532,-0.823,3116
4.533,-1.367,3116
4.534,-1.782,3116
4.535,-2.033,3116
4.536,-2.127,3116
4.537,-2.033,3116
4.538,-1.778,3116
4.539,-1.380,3116
4.540,-0.328,3116
4.541,0.128,3116
4.542,0.632,3109
4.543,1.058,3109
4.544,1.312,3109
4.545,1.387,3109
4.546,1.275,3109
4.547,1.022,3109
4.548,0.620,3109
4.549,0.147,3109
4.550,-0.352,3109
4.551,-0.887,3140
4.552,-1.863,3140
4.553,-2.058,3140
4.554,-2.140,3140
4.555,-2.038,3140
4.556,-1.780,3140
4.557,-1.377,3140
4.558,-0.900,3140
4.559,-0.395,3140
4.560,0.718,3124
4.561,1.335,3124
4.562,1.417,3124
4.563,1.327,3124
4.564,1.058,3124
4.565,0.662,3124
4.566,0.185,3124
4.567,-0.328,3124
4.568,-0.880,3124
4.569,-1.407,3127
4.570,-1.820,3127
4.571,-2.062,3127
4.572,-2.143,3127
4.573,-2.047,3127
4.574,-1.782,3127
4.575,-1.383,3127
4.576,-0.902,3127
4.577,-0.405,3127
4.578,0.133,3127
4.579,0.632,3107
4.580,1.343,3107
4.581,1.407,3107
4.582,1.305,3107
4.583,1.032,3107
4.584,0.623,3107
4.585,0.147,3107
4.586,-0.362,3107
4.587,-0.902,3107
4.588,-1.425,3109
4.589,-1.857,3109
4.590,-2.107,3109
4.591,-2.185,3109
4.592,-2.098,3109
4.593,-1.827,3109
4.594,-1.420,3109
4.595,-0.927,3109
4.596,-0.417,3109
4.597,0.133,3109
4.598,0.637,3088
4.599,1.058,3088
4.600,1.377,3088
4.601,1.262,3088
4.602,1.018,3088
4.603,0.598,3088
4.604,0.102,3088
4.605,-0.405,3088
4.606,-0.895,3088
4.607,-1.407,3115
4.608,-1.820,3115
4.609,-2.062,3115
4.610,-2.145,3115
4.611,-2.035,3115
4.612,-1.778,3115
4.613,-1.373,3115
4.614,-0.895,3115
4.615,-0.403,3115
4.616,0.135,3115
4.617,0.637,3104
4.618,1.058,3104
4.619,1.308,3104
4.620,1.248,3104
4.621,0.527,3104
4.622,0.092,3104
4.623,-0.443,3104
4.624,-0.980,3104
4.625,-1.472,3099
4.626,-1.847,3099
4.627,-2.087,3099
4.628,-2.163,3099
4.629,-2.058,3099
4.630,-1.792,3099
4.631,-1.393,3099
4.632,-0.915,3099
4.633,-0.412,3099
4.634,0.128,3099
4.635,0.627,3123
4.636,1.048,3123
4.637,1.300,3123
4.638,1.380,3123
4.639,1.262,3123
4.640,0.507,3123
4.641,0.102,3123
4.642,-0.398,3123
4.643,-0.938,3123
4.644,-1.460,3136
4.645,-1.875,3136
4.646,-2.120,3136
4.647,-2.183,3136
4.648,-2.092,3136
4.649,-1.808,3136
4.650,-1.393,3136
4.651,-0.902,3136
4.652,-0.388,3136
4.653,0.147,3136
4.654,0.670,3128
4.655,1.087,3128
4.656,1.343,3128
4.657,1.423,3128
4.658,1.323,3128
4.659,1.032,3128
4.660,0.068,3128
4.661,-0.500,3128
4.662,-0.902,3128
4.663,-1.413,3119
4.664,-1.827,3119
4.665,-2.060,3119
4.666,-2.140,3119
4.667,-2.027,3119
4.668,-1.762,3119
4.669,-1.350,3119
4.670,-0.868,3119
4.671,-0.372,3119
4.672,0.158,3119
4.673,0.667,3115
4.674,1.073,3115
4.675,1.325,3115
4.676,1.393,3115
4.677,1.298,3115
4.678,1.018,3115
4.679,0.608,3115
4.680,-0.455,3115
4.681,-0.907,3115
4.682,-1.420,3138
4.683,-1.843,3138
4.684,-2.062,3138
4.685,-2.140,3138
4.686,-2.027,3138
4.687,-1.748,3138
4.688,-1.345,3138
4.689,-0.863,3138
4.690,-0.365,3138
4.691,0.175,3138
4.692,0.685,3138
4.693,1.087,3138
4.694,1.327,3138
4.695,1.393,3138
4.696,1.295,3138
4.697,1.008,3138
4.698,0.590,3138
4.699,0.117,3138
4.700,-1.012,3138
4.701,-1.440,3136
4.702,-1.843,3136
4.703,-2.083,3136
4.704,-2.145,3136
4.705,-2.033,3136
4.706,-1.768,3136
4.707,-1.363,3136
4.708,-0.863,3136
4.709,-0.365,3136
4.710,0.175,3136
4.711,0.682,3123
4.712,1.077,3123
4.713,1.317,3123
4.714,1.383,3123
4.715,1.258,3123
4.716,0.983,3123
4.717,0.573,3123
4.718,0.100,3123
4.719,-0.407,3123
4.720,-1.535,3130
4.721,-2.095,3130
4.722,-2.138,3130
4.723,-2.015,3130
4.724,-1.728,3130
4.725,-1.308,3130
4.726,-0.823,3130
4.727,-0.307,3130
4.728,0.223,3130
4.729,0.715,3132
4.730,1.117,3132
4.731,1.347,3132
4.732,1.415,3132
4.733,1.275,3132
4.734,0.998,3132
4.735,0.580,3132
4.736,0.102,3132
4.737,-0.417,3132
4.738,-0.993,3132
4.739,-1.462,3096
