Czas(s),PPG_Surowe(ADC)
0.000,-20173
0.004,-20173
0.008,-20173
0.012,-20173
0.016,-20173
0.020,-20173
0.024,-20168
0.028,-20168
0.032,-20168
0.036,-20168
0.040,-20168
0.044,-20168
0.048,-20168
0.052,-20168
0.056,-20168
0.060,-20168
0.064,-20162
0.068,-20162
0.072,-20162
0.076,-20162
0.080,-20162
0.084,-20162
0.088,-20162
0.092,-20162
0.096,-20162
0.100,-20136
0.104,-20136
0.108,-20136
0.112,-20136
0.116,-20136
0.120,-20136
0.124,-20136
0.128,-20136
0.132,-20136
0.136,-20136
0.140,-20139
0.144,-20139
0.148,-20139
0.152,-20139
0.156,-20139
0.160,-20139
0.164,-20139
0.168,-20139
0.172,-20139
0.176,-20097
0.180,-20097
0.184,-20097
0.188,-20097
0.192,-20097
0.196,-20097
0.200,-20097
0.204,-20097
0.208,-20097
0.212,-20097
0.216,-20102
0.220,-20102
0.224,-20102
0.228,-20102
0.232,-20102
0.236,-20102
0.240,-20102
0.244,-20102
0.248,-20102
0.252,-20076
0.256,-20076
0.260,-20076
0.264,-20076
0.268,-20076
0.272,-20076
0.276,-20076
0.280,-20076
0.284,-20076
0.288,-20076
0.292,-20131
0.296,-20131
0.300,-20131
0.304,-20131
0.308,-20131
0.312,-20131
0.316,-20131
0.320,-20131
0.324,-20131
0.328,-20153
0.332,-20153
0.336,-20153
0.340,-20153
0.344,-20153
0.348,-20153
0.352,-20153
0.356,-20153
0.360,-20153
0.364,-20153
0.368,-20169
0.372,-20169
0.376,-20169
0.380,-20169
0.384,-20169
0.388,-20169
0.392,-20169
0.396,-20169
0.400,-20169
0.404,-20248
0.408,-20248
0.412,-20248
0.416,-20248
0.420,-20248
0.424,-20248
0.428,-20248
0.432,-20248
0.436,-20248
0.440,-20248
0.444,-20228
0.448,-20228
0.452,-20228
0.456,-20228
0.460,-20228
0.464,-20228
0.468,-20228
0.472,-20228
0.476,-20228
0.480,-20205
0.484,-20205
0.488,-20205
0.492,-20205
0.496,-20205
0.500,-20205
0.504,-20205
0.508,-20205
0.512,-20205
0.516,-20205
0.520,-20183
0.524,-20183
0.528,-20183
0.532,-20183
0.536,-20183
0.540,-20183
0.544,-20183
0.548,-20183
0.552,-20183
0.556,-20183
0.560,-20184
0.564,-20184
0.568,-20184
0.572,-20184
0.576,-20184
0.580,-20184
0.584,-20184
0.588,-20184
0.592,-20184
0.596,-20174
0.600,-20174
0.604,-20174
0.608,-20174
0.612,-20174
0.616,-20174
0.620,-20174
0.624,-20174
0.628,-20174
0.632,-20174
0.636,-20188
0.640,-20188
0.644,-20188
0.648,-20188
0.652,-20188
0.656,-20188
0.660,-20188
0.664,-20188
0.668,-20188
0.672,-20199
0.676,-20199
0.680,-20199
0.684,-20199
0.688,-20199
0.692,-20199
0.696,-20199
0.700,-20199
0.704,-20199
0.708,-20199
0.712,-20235
0.716,-20235
0.720,-20235
0.724,-20235
0.728,-20235
0.732,-20235
0.736,-20235
0.740,-20235
0.744,-20235
0.748,-20235
0.752,-20235
0.756,-20235
0.760,-20235
0.764,-20235
0.768,-20235
0.772,-20235
0.776,-20235
0.780,-20235
0.784,-20235
0.788,-20245
0.792,-20245
0.796,-20245
0.800,-20245
0.804,-20245
0.808,-20245
0.812,-20245
0.816,-20245
0.820,-20245
0.824,-20245
0.828,-20245
0.832,-20245
0.836,-20245
0.840,-20245
0.844,-20245
0.848,-20245
0.852,-20245
0.856,-20245
0.860,-20245
0.864,-20266
0.868,-20266
0.872,-20266
0.876,-20266
0.880,-20266
0.884,-20266
0.888,-20266
0.892,-20266
0.896,-20266
0.900,-20279
0.904,-20279
0.908,-20279
0.912,-20279
0.916,-20279
0.920,-20279
0.924,-20279
0.928,-20279
0.932,-20279
0.936,-20279
0.940,-20271
0.944,-20271
0.948,-20271
0.952,-20271
0.956,-20271
0.960,-20271
0.964,-20271
0.968,-20271
0.972,-20271
0.976,-20233
0.980,-20233
0.984,-20233
0.988,-20233
0.992,-20233
0.996,-20233
1.000,-20233
1.004,-20233
1.008,-20233
1.012,-20233
1.016,-20233
1.020,-20237
1.024,-20237
1.028,-20237
1.032,-20237
1.036,-20237
1.040,-20237
1.044,-20237
1.048,-20237
1.052,-20237
1.056,-20198
1.060,-20198
1.064,-20198
1.068,-20198
1.072,-20198
1.076,-20198
1.080,-20198
1.084,-20198
1.088,-20198
1.092,-20198
1.096,-20189
1.100,-20189
1.104,-20189
1.108,-20189
1.112,-20189
1.116,-20189
1.120,-20189
1.124,-20189
1.128,-20189
1.132,-20181
1.136,-20181
1.140,-20181
1.144,-20181
1.148,-20181
1.152,-20181
1.156,-20181
1.160,-20181
1.164,-20181
1.168,-20181
1.172,-20160
1.176,-20160
1.180,-20160
1.184,-20160
1.188,-20160
1.192,-20160
1.196,-20160
1.200,-20160
1.204,-20129
1.208,-20129
1.212,-20129
1.216,-20129
1.220,-20129
1.224,-20129
1.228,-20129
1.232,-20129
1.236,-20129
1.240,-20129
1.244,-20129
1.248,-20103
1.252,-20103
1.256,-20103
1.260,-20103
1.264,-20103
1.268,-20103
1.272,-20103
1.276,-20103
1.280,-20103
1.284,-20084
1.288,-20084
1.292,-20084
1.296,-20084
1.300,-20084
1.304,-20084
1.308,-20084
1.312,-20084
1.316,-20084
1.320,-20084
1.324,-20076
1.328,-20076
1.332,-20076
1.336,-20076
1.340,-20076
1.344,-20076
1.348,-20076
1.352,-20076
1.356,-20076
1.360,-20093
1.364,-20093
1.368,-20093
1.372,-20093
1.376,-20093
1.380,-20093
1.384,-20093
1.388,-20093
1.392,-20093
1.396,-20093
1.400,-20085
1.404,-20085
1.408,-20085
1.412,-20085
1.416,-20085
1.420,-20085
1.424,-20085
1.428,-20085
1.432,-20085
1.436,-20085
1.440,-20087
1.444,-20087
1.448,-20087
1.452,-20087
1.456,-20087
1.460,-20087
1.464,-20087
1.468,-20087
1.472,-20087
1.476,-20068
1.480,-20068
1.484,-20068
1.488,-20068
1.492,-20068
1.496,-20068
1.500,-20068
1.504,-20068
1.508,-20068
1.512,-20068
1.516,-20036
1.520,-20036
1.524,-20036
1.528,-20036
1.532,-20036
1.536,-20036
1.540,-20036
1.544,-20036
1.548,-20036
1.552,-20055
1.556,-20055
1.560,-20055
1.564,-20055
1.568,-20055
1.572,-20055
1.576,-20055
1.580,-20055
1.584,-20055
1.588,-20055
1.592,-19990
1.596,-19990
1.600,-19990
1.604,-19990
1.608,-19990
1.612,-19990
1.616,-19990
1.620,-19990
1.624,-19990
1.628,-19992
1.632,-19992
1.636,-19992
1.640,-19992
1.644,-19992
1.648,-19992
1.652,-19992
1.656,-19992
1.660,-19992
1.664,-19992
1.668,-19992
1.672,-19992
1.676,-19992
1.680,-19992
1.684,-19992
1.688,-19992
1.692,-19992
1.696,-19992
1.700,-19992
1.704,-19961
1.708,-19961
1.712,-19961
1.716,-19961
1.720,-19961
1.724,-19961
1.728,-19961
1.732,-19961
1.736,-19961
1.740,-19961
1.744,-19946
1.748,-19946
1.752,-19946
1.756,-19946
1.760,-19946
1.764,-19946
1.768,-19946
1.772,-19946
1.776,-19946
1.780,-19951
1.784,-19951
1.788,-19951
1.792,-19951
1.796,-19951
1.800,-19951
1.804,-19951
1.808,-19951
1.812,-19951
1.816,-19951
1.820,-19888
1.824,-19888
1.828,-19888
1.832,-19888
1.836,-19888
1.840,-19888
1.844,-19888
1.848,-19888
1.852,-19888
1.856,-19889
1.860,-19889
1.864,-19889
1.868,-19889
1.872,-19889
1.876,-19889
1.880,-19889
1.884,-19889
1.888,-19889
1.892,-19889
1.896,-19847
1.900,-19847
1.904,-19847
1.908,-19847
1.912,-19847
1.916,-19847
1.920,-19847
1.924,-19847
1.928,-19847
1.932,-19844
1.936,-19844
1.940,-19844
1.944,-19844
1.948,-19844
1.952,-19844
1.956,-19844
1.960,-19844
1.964,-19844
1.968,-19844
1.972,-19850
1.976,-19850
1.980,-19850
1.984,-19850
1.988,-19850
1.992,-19850
1.996,-19850
2.000,-19850
2.004,-19850
2.008,-19865
2.012,-19865
2.016,-19865
2.020,-19865
2.024,-19865
2.028,-19865
2.032,-19865
2.036,-19865
2.040,-19865
2.044,-19865
2.048,-19849
2.052,-19849
2.056,-19849
2.060,-19849
2.064,-19849
2.068,-19849
2.072,-19849
2.076,-19849
2.080,-19849
2.084,-19828
2.088,-19828
2.092,-19828
2.096,-19828
2.100,-19828
2.104,-19828
2.108,-19828
2.112,-19828
2.116,-19828
2.120,-19828
2.124,-19828
2.128,-19793
2.132,-19793
2.136,-19793
2.140,-19793
2.144,-19793
2.148,-19793
2.152,-19793
2.156,-19793
2.160,-19789
2.164,-19789
2.168,-19789
2.172,-19789
2.176,-19789
2.180,-19789
2.184,-19789
2.188,-19789
2.192,-19789
2.196,-19789
2.200,-19789
2.204,-19740
2.208,-19740
2.212,-19740
2.216,-19740
2.220,-19740
2.224,-19740
2.228,-19740
2.232,-19740
2.236,-19740
2.240,-19762
2.244,-19762
2.248,-19762
2.252,-19762
2.256,-19762
2.260,-19762
2.264,-19762
2.268,-19762
2.272,-19762
2.276,-19762
2.280,-19739
2.284,-19739
2.288,-19739
2.292,-19739
2.296,-19739
2.300,-19739
2.304,-19739
2.308,-19739
2.312,-19739
2.316,-19739
2.320,-19777
2.324,-19777
2.328,-19777
2.332,-19777
2.336,-19777
2.340,-19777
2.344,-19777
2.348,-19777
2.352,-19777
2.356,-19768
2.360,-19768
2.364,-19768
2.368,-19768
2.372,-19768
2.376,-19768
2.380,-19768
2.384,-19768
2.388,-19768
2.392,-19768
2.396,-19782
2.400,-19782
2.404,-19782
2.408,-19782
2.412,-19782
2.416,-19782
2.420,-19782
2.424,-19782
2.428,-19782
2.432,-19774
2.436,-19774
2.440,-19774
2.444,-19774
2.448,-19774
2.452,-19774
2.456,-19774
2.460,-19774
2.464,-19774
2.468,-19774
2.472,-19760
2.476,-19760
2.480,-19760
2.484,-19760
2.488,-19760
2.492,-19760
2.496,-19760
2.500,-19760
2.504,-19760
2.508,-19758
2.512,-19758
2.516,-19758
2.520,-19758
2.524,-19758
2.528,-19758
2.532,-19758
2.536,-19758
2.540,-19758
2.544,-19758
2.548,-19802
2.552,-19802
2.556,-19802
2.560,-19802
2.564,-19802
2.568,-19802
2.572,-19802
2.576,-19802
2.580,-19802
2.584,-19835
2.588,-19835
2.592,-19835
2.596,-19835
2.600,-19835
2.604,-19835
2.608,-19835
2.612,-19835
2.616,-19835
2.620,-19835
2.624,-19883
2.628,-19883
2.632,-19883
2.636,-19883
2.640,-19883
2.644,-19883
2.648,-19883
2.652,-19883
2.656,-19883
2.660,-19945
2.664,-19945
2.668,-19945
2.672,-19945
2.676,-19945
2.680,-19945
2.684,-19945
2.688,-19945
2.692,-19945
2.696,-19945
2.700,-19999
2.704,-19999
2.708,-19999
2.712,-19999
2.716,-19999
2.720,-19999
2.724,-19999
2.728,-19999
2.732,-19999
2.736,-20035
2.740,-20035
2.744,-20035
2.748,-20035
2.752,-20035
2.756,-20035
2.760,-20035
2.764,-20035
2.768,-20035
2.772,-20035
2.776,-20068
2.780,-20068
2.784,-20068
2.788,-20068
2.792,-20068
2.796,-20068
2.800,-20068
2.804,-20068
2.808,-20068
2.812,-20102
2.816,-20102
2.820,-20102
2.824,-20102
2.828,-20102
2.832,-20102
2.836,-20102
2.840,-20102
2.844,-20102
2.848,-20102
2.852,-20131
2.856,-20131
2.860,-20131
2.864,-20131
2.868,-20131
2.872,-20131
2.876,-20131
2.880,-20131
2.884,-20131
2.888,-20105
2.892,-20105
2.896,-20105
2.900,-20105
2.904,-20105
2.908,-20105
2.912,-20105
2.916,-20105
2.920,-20105
2.924,-20105
2.928,-20124
2.932,-20124
2.936,-20124
2.940,-20124
2.944,-20124
2.948,-20124
2.952,-20124
2.956,-20124
2.960,-20124
2.964,-20096
2.968,-20096
2.972,-20096
2.976,-20096
2.980,-20096
2.984,-20096
2.988,-20096
2.992,-20096
2.996,-20096
3.000,-20096
3.004,-20131
3.008,-20131
3.012,-20131
3.016,-20131
3.020,-20131
3.024,-20131
3.028,-20131
3.032,-20131
3.036,-20131
3.040,-20108
3.044,-20108
3.048,-20108
3.052,-20108
3.056,-20108
3.060,-20108
3.064,-20108
3.068,-20108
3.072,-20108
3.076,-20108
3.080,-20117
3.084,-20117
3.088,-20117
3.092,-20117
3.096,-20117
3.100,-20117
3.104,-20117
3.108,-20117
3.112,-20117
3.116,-20117
3.120,-20097
3.124,-20097
3.128,-20097
3.132,-20097
3.136,-20097
3.140,-20097
3.144,-20097
3.148,-20097
3.152,-20097
3.156,-20146
3.160,-20146
3.164,-20146
3.168,-20146
3.172,-20146
3.176,-20146
3.180,-20146
3.184,-20146
3.188,-20146
3.192,-20146
3.196,-20146
3.200,-20125
3.204,-20125
3.208,-20125
3.212,-20125
3.216,-20125
3.220,-20125
3.224,-20125
3.228,-20125
3.232,-20164
3.236,-20164
3.240,-20164
3.244,-20164
3.248,-20164
3.252,-20164
3.256,-20164
3.260,-20164
3.264,-20164
3.268,-20164
3.272,-20190
3.276,-20190
3.280,-20190
3.284,-20190
3.288,-20190
3.292,-20190
3.296,-20190
3.300,-20190
3.304,-20190
3.308,-20193
3.312,-20193
3.316,-20193
3.320,-20193
3.324,-20193
3.328,-20193
3.332,-20193
3.336,-20193
3.340,-20193
3.344,-20193
3.348,-20168
3.352,-20168
3.356,-20168
3.360,-20168
3.364,-20168
3.368,-20168
3.372,-20168
3.376,-20168
3.380,-20168
3.384,-20180
3.388,-20180
3.392,-20180
3.396,-20180
3.400,-20180
3.404,-20180
3.408,-20180
3.412,-20180
3.416,-20180
3.420,-20180
3.424,-20160
3.428,-20160
3.432,-20160
3.436,-20160
3.440,-20160
3.444,-20160
3.448,-20160
3.452,-20160
3.456,-20160
3.460,-20147
3.464,-20147
3.468,-20147
3.472,-20147
3.476,-20147
3.480,-20147
3.484,-20147
3.488,-20147
3.492,-20147
3.496,-20147
3.500,-20122
3.504,-20122
3.508,-20122
3.512,-20122
3.516,-20122
3.520,-20122
3.524,-20122
3.528,-20122
3.532,-20122
3.536,-20079
3.540,-20079
3.544,-20079
3.548,-20079
3.552,-20079
3.556,-20079
3.560,-20079
3.564,-20079
3.568,-20079
3.572,-20046
3.576,-20046
3.580,-20046
3.584,-20046
3.588,-20046
3.592,-20046
3.596,-20046
3.600,-20046
3.604,-20046
3.608,-19997
3.612,-19997
3.616,-19997
3.620,-19997
3.624,-19997
3.628,-19997
3.632,-19997
3.636,-19997
3.640,-19997
3.644,-19997
3.648,-19962
3.652,-19962
3.656,-19962
3.660,-19962
3.664,-19962
3.668,-19962
3.672,-19962
3.676,-19962
3.680,-19962
3.684,-19940
3.688,-19940
3.692,-19940
3.696,-19940
3.700,-19940
3.704,-19940
3.708,-19940
3.712,-19940
3.716,-19940
3.720,-19940
3.724,-19929
3.728,-19929
3.732,-19929
3.736,-19929
3.740,-19929
3.744,-19929
3.748,-19929
3.752,-19929
3.756,-19929
3.760,-19905
3.764,-19905
3.768,-19905
3.772,-19905
3.776,-19905
3.780,-19905
3.784,-19905
3.788,-19905
3.792,-19905
3.796,-19897
3.800,-19897
3.804,-19897
3.808,-19897
3.812,-19897
3.816,-19897
3.820,-19897
3.824,-19897
3.828,-19897
3.832,-19897
3.836,-19898
3.840,-19898
3.844,-19898
3.848,-19898
3.852,-19898
3.856,-19898
3.860,-19898
3.864,-19898
3.868,-19898
3.872,-19885
3.876,-19885
3.880,-19885
3.884,-19885
3.888,-19885
3.892,-19885
3.896,-19885
3.900,-19885
3.904,-19885
3.908,-19885
3.912,-19896
3.916,-19896
3.920,-19896
3.924,-19896
3.928,-19896
3.932,-19896
3.936,-19896
3.940,-19896
3.944,-19896
3.948,-19863
3.952,-19863
3.956,-19863
3.960,-19863
3.964,-19863
3.968,-19863
3.972,-19863
3.976,-19863
3.980,-19863
3.984,-19863
3.988,-19840
3.992,-19840
3.996,-19840
4.000,-19840
4.004,-19840
4.008,-19840
4.012,-19840
4.016,-19840
4.020,-19840
4.024,-19826
4.028,-19826
4.032,-19826
4.036,-19826
4.040,-19826
4.044,-19826
4.048,-19826
4.052,-19826
4.056,-19826
4.060,-19826
4.064,-19770
4.068,-19770
4.072,-19770
4.076,-19770
4.080,-19770
4.084,-19770
4.088,-19770
4.092,-19770
4.096,-19770
4.100,-19751
4.104,-19751
4.108,-19751
4.112,-19751
4.116,-19751
4.120,-19751
4.124,-19751
4.128,-19751
4.132,-19751
4.136,-19751
4.140,-19739
4.144,-19739
4.148,-19739
4.152,-19739
4.156,-19739
4.160,-19739
4.164,-19739
4.168,-19739
4.172,-19739
4.176,-19721
4.180,-19721
4.184,-19721
4.188,-19721
4.192,-19721
4.196,-19721
4.200,-19721
4.204,-19721
4.208,-19721
4.212,-19721
4.216,-19702
4.220,-19702
4.224,-19702
4.228,-19702
4.232,-19702
4.236,-19702
4.240,-19702
4.244,-19702
4.248,-19702
4.252,-19702
4.256,-19703
4.260,-19703
4.264,-19703
4.268,-19703
4.272,-19703
4.276,-19703
4.280,-19703
4.284,-19703
4.288,-19703
4.292,-19703
4.296,-19714
4.300,-19714
4.304,-19714
4.308,-19714
4.312,-19714
4.316,-19714
4.320,-19714
4.324,-19714
4.328,-19714
4.332,-19694
4.336,-19694
4.340,-19694
4.344,-19694
4.348,-19694
4.352,-19694
4.356,-19694
4.360,-19694
4.364,-19694
4.368,-19694
4.372,-19667
4.376,-19667
4.380,-19667
4.384,-19667
4.388,-19667
4.392,-19667
4.396,-19667
4.400,-19667
4.404,-19667
4.408,-19601
4.412,-19601
4.416,-19601
4.420,-19601
4.424,-19601
4.428,-19601
4.432,-19601
4.436,-19601
4.440,-19601
4.444,-19601
4.448,-19544
4.452,-19544
4.456,-19544
4.460,-19544
4.464,-19544
4.468,-19544
4.472,-19544
4.476,-19544
4.480,-19544
4.484,-19511
4.488,-19511
4.492,-19511
4.496,-19511
4.500,-19511
4.504,-19511
4.508,-19511
4.512,-19511
4.516,-19511
4.520,-19511
4.524,-19460
4.528,-19460
4.532,-19460
4.536,-19460
4.540,-19460
4.544,-19460
4.548,-19460
4.552,-19460
4.556,-19460
4.560,-19444
4.564,-19444
4.568,-19444
4.572,-19444
4.576,-19444
4.580,-19444
4.584,-19444
4.588,-19444
4.592,-19444
4.596,-19442
4.600,-19442
4.604,-19442
4.608,-19442
4.612,-19442
4.616,-19442
4.620,-19442
4.624,-19442
4.628,-19442
4.632,-19442
4.636,-19411
4.640,-19411
4.644,-19411
4.648,-19411
4.652,-19411
4.656,-19411
4.660,-19411
4.664,-19411
4.668,-19411
4.672,-19378
4.676,-19378
4.680,-19378
4.684,-19378
4.688,-19378
4.692,-19378
4.696,-19378
4.700,-19378
4.704,-19378
4.708,-19378
4.712,-19365
4.716,-19365
4.720,-19365
4.724,-19365
4.728,-19365
4.732,-19365
4.736,-19365
4.740,-19365
4.744,-19365
4.748,-19337
4.752,-19337
4.756,-19337
4.760,-19337
4.764,-19337
4.768,-19337
4.772,-19337
4.776,-19337
4.780,-19337
4.784,-19337
4.788,-19336
4.792,-19336
4.796,-19336
4.800,-19336
4.804,-19336
4.808,-19336
4.812,-19336
4.816,-19336
4.820,-19336
4.824,-19263
4.828,-19263
4.832,-19263
4.836,-19263
4.840,-19263
4.844,-19263
4.848,-19263
4.852,-19263
4.856,-19263
4.860,-19263
4.864,-19251
4.868,-19251
4.872,-19251
4.876,-19251
4.880,-19251
4.884,-19251
4.888,-19251
4.892,-19251
4.896,-19251
4.900,-19236
4.904,-19236
4.908,-19236
4.912,-19236
4.916,-19236
4.920,-19236
4.924,-19236
4.928,-19236
4.932,-19236
4.936,-19236
4.940,-19197
4.944,-19197
4.948,-19197
4.952,-19197
4.956,-19197
4.960,-19197
4.964,-19197
4.968,-19197
4.972,-19197
4.976,-19172
4.980,-19172
4.984,-19172
4.988,-19172
4.992,-19172
4.996,-19172
5.000,-19172
5.004,-19172
5.008,-19172
5.012,-19172
5.016,-19184
5.020,-19184
5.024,-19184
5.028,-19184
5.032,-19184
5.036,-19184
5.040,-19184
5.044,-19184
5.048,-19184
5.052,-19170
5.056,-19170
5.060,-19170
5.064,-19170
5.068,-19170
5.072,-19170
5.076,-19170
5.080,-19170
5.084,-19170
5.088,-19170
5.092,-19153
5.096,-19153
5.100,-19153
5.104,-19153
5.108,-19153
5.112,-19153
5.116,-19153
5.120,-19153
5.124,-19153
5.128,-19113
5.132,-19113
5.136,-19113
5.140,-19113
5.144,-19113
5.148,-19113
5.152,-19113
5.156,-19113
5.160,-19113
5.164,-19113
5.168,-19156
5.172,-19156
5.176,-19156
5.180,-19156
5.184,-19156
5.188,-19156
5.192,-19156
5.196,-19156
5.200,-19156
5.204,-19137
5.208,-19137
5.212,-19137
5.216,-19137
5.220,-19137
5.224,-19137
5.228,-19137
5.232,-19137
5.236,-19137
5.240,-19137
5.244,-19114
5.248,-19114
5.252,-19114
5.256,-19114
5.260,-19114
5.264,-19114
5.268,-19114
5.272,-19114
5.276,-19114
5.280,-19121
5.284,-19121
5.288,-19121
5.292,-19121
5.296,-19121
5.300,-19121
5.304,-19121
5.308,-19121
5.312,-19121
5.316,-19121
5.320,-19121
5.324,-19114
5.328,-19114
5.332,-19114
5.336,-19114
5.340,-19114
5.344,-19114
5.348,-19114
5.352,-19114
5.356,-19114
5.360,-19123
5.364,-19123
5.368,-19123
5.372,-19123
5.376,-19123
5.380,-19123
5.384,-19123
5.388,-19123
5.392,-19123
5.396,-19099
5.400,-19099
5.404,-19099
5.408,-19099
5.412,-19099
5.416,-19099
5.420,-19099
5.424,-19099
5.428,-19099
5.432,-19099
5.436,-19112
5.440,-19112
5.444,-19112
5.448,-19112
5.452,-19112
5.456,-19112
5.460,-19112
5.464,-19112
5.468,-19112
5.472,-19088
5.476,-19088
5.480,-19088
5.484,-19088
5.488,-19088
5.492,-19088
5.496,-19088
5.500,-19088
5.504,-19088
5.508,-19088
5.512,-19087
5.516,-19087
5.520,-19087
5.524,-19087
5.528,-19087
5.532,-19087
5.536,-19087
5.540,-19087
5.544,-19087
5.548,-19068
5.552,-19068
5.556,-19068
5.560,-19068
5.564,-19068
5.568,-19068
5.572,-19068
5.576,-19068
5.580,-19068
5.584,-19068
5.588,-19061
5.592,-19061
5.596,-19061
5.600,-19061
5.604,-19061
5.608,-19061
5.612,-19061
5.616,-19061
5.620,-19061
5.624,-19001
5.628,-19001
5.632,-19001
5.636,-19001
5.640,-19001
5.644,-19001
5.648,-19001
5.652,-19001
5.656,-19001
5.660,-19001
5.664,-19040
5.668,-19040
5.672,-19040
5.676,-19040
5.680,-19040
5.684,-19040
5.688,-19040
5.692,-19040
5.696,-19040
5.700,-18976
5.704,-18976
5.708,-18976
5.712,-18976
5.716,-18976
5.720,-18976
5.724,-18976
5.728,-18976
5.732,-18976
5.736,-18976
5.740,-18957
5.744,-18957
5.748,-18957
5.752,-18957
5.756,-18957
5.760,-18957
5.764,-18957
5.768,-18957
5.772,-18957
5.776,-18957
5.780,-18957
5.784,-18957
5.788,-18957
5.792,-18957
5.796,-18957
5.800,-18957
5.804,-18957
5.808,-18957
5.812,-18957
5.816,-19024
5.820,-19024
5.824,-19024
5.828,-19024
5.832,-19024
5.836,-19024
5.840,-19024
5.844,-19024
5.848,-19024
5.852,-18983
5.856,-18983
5.860,-18983
5.864,-18983
5.868,-18983
5.872,-18983
5.876,-18983
5.880,-18983
5.884,-18983
5.888,-18983
5.892,-19032
5.896,-19032
5.900,-19032
5.904,-19032
5.908,-19032
5.912,-19032
5.916,-19032
5.920,-19032
5.924,-19032
5.928,-19042
5.932,-19042
5.936,-19042
5.940,-19042
5.944,-19042
5.948,-19042
5.952,-19042
5.956,-19042
5.960,-19042
5.964,-19042
5.968,-19056
5.972,-19056
5.976,-19056
5.980,-19056
5.984,-19056
5.988,-19056
5.992,-19056
5.996,-19056
6.000,-19056
6.004,-19066
6.008,-19066
6.012,-19066
6.016,-19066
6.020,-19066
6.024,-19066
6.028,-19066
6.032,-19066
6.036,-19066
6.040,-19066
6.044,-19123
6.048,-19123
6.052,-19123
6.056,-19123
6.060,-19123
6.064,-19123
6.068,-19123
6.072,-19123
6.076,-19123
6.080,-19189
6.084,-19189
6.088,-19189
6.092,-19189
6.096,-19189
6.100,-19189
6.104,-19189
6.108,-19189
6.112,-19189
6.116,-19189
6.120,-19224
6.124,-19224
6.128,-19224
6.132,-19224
6.136,-19224
6.140,-19224
6.144,-19224
6.148,-19224
6.152,-19224
6.156,-19224
6.160,-19295
6.164,-19295
6.168,-19295
6.172,-19295
6.176,-19295
6.180,-19295
6.184,-19295
6.188,-19295
6.192,-19295
6.196,-19331
6.200,-19331
6.204,-19331
6.208,-19331
6.212,-19331
6.216,-19331
6.220,-19331
6.224,-19331
6.228,-19331
6.232,-19331
6.236,-19388
6.240,-19388
6.244,-19388
6.248,-19388
6.252,-19388
6.256,-19388
6.260,-19388
6.264,-19388
6.268,-19388
6.272,-19420
6.276,-19420
6.280,-19420
6.284,-19420
6.288,-19420
6.292,-19420
6.296,-19420
6.300,-19420
6.304,-19420
6.308,-19420
6.312,-19466
6.316,-19466
6.320,-19466
6.324,-19466
6.328,-19466
6.332,-19466
6.336,-19466
6.340,-19466
6.344,-19466
6.348,-19470
6.352,-19470
6.356,-19470
6.360,-19470
6.364,-19470
6.368,-19470
6.372,-19470
6.376,-19470
6.380,-19470
6.384,-19470
6.388,-19483
6.392,-19483
6.396,-19483
6.400,-19483
6.404,-19483
6.408,-19483
6.412,-19483
6.416,-19483
6.420,-19483
6.424,-19483
6.428,-19507
6.432,-19507
6.436,-19507
6.440,-19507
6.444,-19507
6.448,-19507
6.452,-19507
6.456,-19507
6.460,-19507
6.464,-19507
6.468,-19531
6.472,-19531
6.476,-19531
6.480,-19531
6.484,-19531
6.488,-19531
6.492,-19531
6.496,-19531
6.500,-19531
6.504,-19561
6.508,-19561
6.512,-19561
6.516,-19561
6.520,-19561
6.524,-19561
6.528,-19561
6.532,-19561
6.536,-19561
6.540,-19561
6.544,-19588
6.548,-19588
6.552,-19588
6.556,-19588
6.560,-19588
6.564,-19588
6.568,-19588
6.572,-19588
6.576,-19588
6.580,-19613
6.584,-19613
6.588,-19613
6.592,-19613
6.596,-19613
6.600,-19613
6.604,-19613
6.608,-19613
6.612,-19613
6.616,-19613
6.620,-19617
6.624,-19617
6.628,-19617
6.632,-19617
6.636,-19617
6.640,-19617
6.644,-19617
6.648,-19617
6.652,-19617
6.656,-19639
6.660,-19639
6.664,-19639
6.668,-19639
6.672,-19639
6.676,-19639
6.680,-19639
6.684,-19639
6.688,-19639
6.692,-19639
6.696,-19645
6.700,-19645
6.704,-19645
6.708,-19645
6.712,-19645
6.716,-19645
6.720,-19645
6.724,-19645
6.728,-19645
6.732,-19681
6.736,-19681
6.740,-19681
6.744,-19681
6.748,-19681
6.752,-19681
6.756,-19681
6.760,-19681
6.764,-19681
6.768,-19681
6.772,-19635
6.776,-19635
6.780,-19635
6.784,-19635
6.788,-19635
6.792,-19635
6.796,-19635
6.800,-19635
6.804,-19635
6.808,-19623
6.812,-19623
6.816,-19623
6.820,-19623
6.824,-19623
6.828,-19623
6.832,-19623
6.836,-19623
6.840,-19623
6.844,-19623
6.848,-19626
6.852,-19626
6.856,-19626
6.860,-19626
6.864,-19626
6.868,-19626
6.872,-19626
6.876,-19626
6.880,-19626
6.884,-19628
6.888,-19628
6.892,-19628
6.896,-19628
6.900,-19628
6.904,-19628
6.908,-19628
6.912,-19628
6.916,-19628
6.920,-19628
6.924,-19642
6.928,-19642
6.932,-19642
6.936,-19642
6.940,-19642
6.944,-19642
6.948,-19642
6.952,-19642
6.956,-19642
6.960,-19647
6.964,-19647
6.968,-19647
6.972,-19647
6.976,-19647
6.980,-19647
6.984,-19647
6.988,-19647
6.992,-19647
6.996,-19647
7.000,-19618
7.004,-19618
7.008,-19618
7.012,-19618
7.016,-19618
7.020,-19618
7.024,-19618
7.028,-19618
7.032,-19618
7.036,-19618
7.040,-19614
7.044,-19614
7.048,-19614
7.052,-19614
7.056,-19614
7.060,-19614
7.064,-19614
7.068,-19614
7.072,-19611
7.076,-19611
7.080,-19611
7.084,-19611
7.088,-19611
7.092,-19611
7.096,-19611
7.100,-19611
7.104,-19611
7.108,-19611
7.112,-19597
7.116,-19597
7.120,-19597
7.124,-19597
7.128,-19597
7.132,-19597
7.136,-19597
7.140,-19597
7.144,-19597
7.148,-19592
7.152,-19592
7.156,-19592
7.160,-19592
7.164,-19592
7.168,-19592
7.172,-19592
7.176,-19592
7.180,-19592
7.184,-19592
7.188,-19612
7.192,-19612
7.196,-19612
7.200,-19612
7.204,-19612
7.208,-19612
7.212,-19612
7.216,-19612
7.220,-19612
7.224,-19618
7.228,-19618
7.232,-19618
7.236,-19618
7.240,-19618
7.244,-19618
7.248,-19618
7.252,-19618
7.256,-19618
7.260,-19618
7.264,-19620
7.268,-19620
7.272,-19620
7.276,-19620
7.280,-19620
7.284,-19620
7.288,-19620
7.292,-19620
7.296,-19620
7.300,-19612
7.304,-19612
7.308,-19612
7.312,-19612
7.316,-19612
7.320,-19612
7.324,-19612
7.328,-19612
7.332,-19612
7.336,-19612
7.340,-19649
7.344,-19649
7.348,-19649
7.352,-19649
7.356,-19649
7.360,-19649
7.364,-19649
7.368,-19649
7.372,-19649
7.376,-19662
7.380,-19662
7.384,-19662
7.388,-19662
7.392,-19662
7.396,-19662
7.400,-19662
7.404,-19662
7.408,-19662
7.412,-19662
7.416,-19679
7.420,-19679
7.424,-19679
7.428,-19679
7.432,-19679
7.436,-19679
7.440,-19679
7.444,-19679
7.448,-19679
7.452,-19683
7.456,-19683
7.460,-19683
7.464,-19683
7.468,-19683
7.472,-19683
7.476,-19683
7.480,-19683
7.484,-19683
7.488,-19683
7.492,-19686
7.496,-19686
7.500,-19686
7.504,-19686
7.508,-19686
7.512,-19686
7.516,-19686
7.520,-19686
7.524,-19686
7.528,-19686
7.532,-19697
7.536,-19697
7.540,-19697
7.544,-19697
7.548,-19697
7.552,-19697
7.556,-19697
7.560,-19697
7.564,-19697
7.568,-19697
7.572,-19719
7.576,-19719
7.580,-19719
7.584,-19719
7.588,-19719
7.592,-19719
7.596,-19719
7.600,-19719
7.604,-19719
7.608,-19725
7.612,-19725
7.616,-19725
7.620,-19725
7.624,-19725
7.628,-19725
7.632,-19725
7.636,-19725
7.640,-19725
7.644,-19725
7.648,-19712
7.652,-19712
7.656,-19712
7.660,-19712
7.664,-19712
7.668,-19712
7.672,-19712
7.676,-19712
7.680,-19718
7.684,-19718
7.688,-19718
7.692,-19718
7.696,-19718
7.700,-19718
7.704,-19718
7.708,-19718
7.712,-19718
7.716,-19718
7.720,-19677
7.724,-19677
7.728,-19677
7.732,-19677
7.736,-19677
7.740,-19677
7.744,-19677
7.748,-19677
7.752,-19677
7.756,-19677
7.760,-19707
7.764,-19707
7.768,-19707
7.772,-19707
7.776,-19707
7.780,-19707
7.784,-19707
7.788,-19707
7.792,-19707
7.796,-19702
7.800,-19702
7.804,-19702
7.808,-19702
7.812,-19702
7.816,-19702
7.820,-19702
7.824,-19702
7.828,-19702
7.832,-19702
7.836,-19682
7.840,-19682
7.844,-19682
7.848,-19682
7.852,-19682
7.856,-19682
7.860,-19682
7.864,-19682
7.868,-19682
7.872,-19686
7.876,-19686
7.880,-19686
7.884,-19686
7.888,-19686
7.892,-19686
7.896,-19686
7.900,-19686
7.904,-19686
7.908,-19686
7.912,-19698
7.916,-19698
7.920,-19698
7.924,-19698
7.928,-19698
7.932,-19698
7.936,-19698
7.940,-19698
7.944,-19698
7.948,-19669
7.952,-19669
7.956,-19669
7.960,-19669
7.964,-19669
7.968,-19669
7.972,-19669
7.976,-19669
7.980,-19669
7.984,-19669
7.988,-19664
7.992,-19664
7.996,-19664
8.000,-19664
8.004,-19664
8.008,-19664
8.012,-19664
8.016,-19664
8.020,-19664
8.024,-19651
8.028,-19651
8.032,-19651
8.036,-19651
8.040,-19651
8.044,-19651
8.048,-19651
8.052,-19651
8.056,-19651
8.060,-19651
8.064,-19675
8.068,-19675
8.072,-19675
8.076,-19675
8.080,-19675
8.084,-19675
8.088,-19675
8.092,-19675
8.096,-19675
8.100,-19609
8.104,-19609
8.108,-19609
8.112,-19609
8.116,-19609
8.120,-19609
8.124,-19609
8.128,-19609
8.132,-19609
8.136,-19609
8.140,-19603
8.144,-19603
8.148,-19603
8.152,-19603
8.156,-19603
8.160,-19603
8.164,-19603
8.168,-19603
8.172,-19603
8.176,-19590
8.180,-19590
8.184,-19590
8.188,-19590
8.192,-19590
8.196,-19590
8.200,-19590
8.204,-19590
8.208,-19590
8.212,-19590
8.216,-19607
8.220,-19607
8.224,-19607
8.228,-19607
8.232,-19607
8.236,-19607
8.240,-19607
8.244,-19607
8.248,-19607
8.252,-19590
8.256,-19590
8.260,-19590
8.264,-19590
8.268,-19590
8.272,-19590
8.276,-19590
8.280,-19590
8.284,-19590
8.288,-19590
8.292,-19605
8.296,-19605
8.300,-19605
8.304,-19605
8.308,-19605
8.312,-19605
8.316,-19605
8.320,-19605
8.324,-19605
8.328,-19590
8.332,-19590
8.336,-19590
8.340,-19590
8.344,-19590
8.348,-19590
8.352,-19590
8.356,-19590
8.360,-19590
8.364,-19590
8.368,-19596
8.372,-19596
8.376,-19596
8.380,-19596
8.384,-19596
8.388,-19596
8.392,-19596
8.396,-19596
8.400,-19596
8.404,-19565
8.408,-19565
8.412,-19565
8.416,-19565
8.420,-19565
8.424,-19565
8.428,-19565
8.432,-19565
8.436,-19565
8.440,-19565
8.444,-19537
8.448,-19537
8.452,-19537
8.456,-19537
8.460,-19537
8.464,-19537
8.468,-19537
8.472,-19537
8.476,-19537
8.480,-19536
8.484,-19536
8.488,-19536
8.492,-19536
8.496,-19536
8.500,-19536
8.504,-19536
8.508,-19536
8.512,-19536
8.516,-19536
8.520,-19543
8.524,-19543
8.528,-19543
8.532,-19543
8.536,-19543
8.540,-19543
8.544,-19543
8.548,-19543
8.552,-19543
8.556,-19543
8.560,-19547
8.564,-19547
8.568,-19547
8.572,-19547
8.576,-19547
8.580,-19547
8.584,-19547
8.588,-19547
8.592,-19550
8.596,-19550
8.600,-19550
8.604,-19550
8.608,-19550
8.612,-19550
8.616,-19550
8.620,-19550
8.624,-19550
8.628,-19550
8.632,-19551
8.636,-19551
8.640,-19551
8.644,-19551
8.648,-19551
8.652,-19551
8.656,-19551
8.660,-19551
8.664,-19551
8.668,-19552
8.672,-19552
8.676,-19552
8.680,-19552
8.684,-19552
8.688,-19552
8.692,-19552
8.696,-19552
8.700,-19552
8.704,-19552
8.708,-19559
8.712,-19559
8.716,-19559
8.720,-19559
8.724,-19559
8.728,-19559
8.732,-19559
8.736,-19559
8.740,-19559
8.744,-19525
8.748,-19525
8.752,-19525
8.756,-19525
8.760,-19525
8.764,-19525
8.768,-19525
8.772,-19525
8.776,-19525
8.780,-19525
8.784,-19522
8.788,-19522
8.792,-19522
8.796,-19522
8.800,-19522
8.804,-19522
8.808,-19522
8.812,-19522
8.816,-19522
8.820,-19488
8.824,-19488
8.828,-19488
8.832,-19488
8.836,-19488
8.840,-19488
8.844,-19488
8.848,-19488
8.852,-19488
8.856,-19488
8.860,-19492
8.864,-19492
8.868,-19492
8.872,-19492
8.876,-19492
8.880,-19492
8.884,-19492
8.888,-19492
8.892,-19492
8.896,-19453
8.900,-19453
8.904,-19453
8.908,-19453
8.912,-19453
8.916,-19453
8.920,-19453
8.924,-19453
8.928,-19453
8.932,-19453
8.936,-19455
8.940,-19455
8.944,-19455
8.948,-19455
8.952,-19455
8.956,-19455
8.960,-19455
8.964,-19455
8.968,-19455
8.972,-19440
8.976,-19440
8.980,-19440
8.984,-19440
8.988,-19440
8.992,-19440
8.996,-19440
9.000,-19440
9.004,-19440
9.008,-19440
9.012,-19429
9.016,-19429
9.020,-19429
9.024,-19429
9.028,-19429
9.032,-19429
9.036,-19429
9.040,-19429
9.044,-19429
9.048,-19469
9.052,-19469
9.056,-19469
9.060,-19469
9.064,-19469
9.068,-19469
9.072,-19469
9.076,-19469
9.080,-19469
9.084,-19469
9.088,-19488
9.092,-19488
9.096,-19488
9.100,-19488
9.104,-19488
9.108,-19488
9.112,-19488
9.116,-19488
9.120,-19488
9.124,-19512
9.128,-19512
9.132,-19512
9.136,-19512
9.140,-19512
9.144,-19512
9.148,-19512
9.152,-19512
9.156,-19512
9.160,-19512
9.164,-19527
9.168,-19527
9.172,-19527
9.176,-19527
9.180,-19527
9.184,-19527
9.188,-19527
9.192,-19527
9.196,-19527
9.200,-19522
9.204,-19522
9.208,-19522
9.212,-19522
9.216,-19522
9.220,-19522
9.224,-19522
9.228,-19522
9.232,-19522
9.236,-19522
9.240,-19556
9.244,-19556
9.248,-19556
9.252,-19556
9.256,-19556
9.260,-19556
9.264,-19556
9.268,-19556
9.272,-19556
9.276,-19556
9.280,-19589
9.284,-19589
9.288,-19589
9.292,-19589
9.296,-19589
9.300,-19589
9.304,-19589
9.308,-19589
9.312,-19589
9.316,-19627
9.320,-19627
9.324,-19627
9.328,-19627
9.332,-19627
9.336,-19627
9.340,-19627
9.344,-19627
9.348,-19627
9.352,-19627
9.356,-19706
9.360,-19706
9.364,-19706
9.368,-19706
9.372,-19706
9.376,-19706
9.380,-19706
9.384,-19706
9.388,-19706
9.392,-19802
9.396,-19802
9.400,-19802
9.404,-19802
9.408,-19802
9.412,-19802
9.416,-19802
9.420,-19802
9.424,-19802
9.428,-19802
9.432,-19902
9.436,-19902
9.440,-19902
9.444,-19902
9.448,-19902
9.452,-19902
9.456,-19902
9.460,-19902
9.464,-19902
9.468,-19984
9.472,-19984
9.476,-19984
9.480,-19984
9.484,-19984
9.488,-19984
9.492,-19984
9.496,-19984
9.500,-19984
9.504,-19984
9.508,-20044
9.512,-20044
9.516,-20044
9.520,-20044
9.524,-20044
9.528,-20044
9.532,-20044
9.536,-20044
9.540,-20044
9.544,-20097
9.548,-20097
9.552,-20097
9.556,-20097
9.560,-20097
9.564,-20097
9.568,-20097
9.572,-20097
9.576,-20097
9.580,-20097
9.584,-20097
9.588,-20173
9.592,-20173
9.596,-20173
9.600,-20173
9.604,-20173
9.608,-20173
9.612,-20173
9.616,-20173
9.620,-20173
9.624,-20188
9.628,-20188
9.632,-20188
9.636,-20188
9.640,-20188
9.644,-20188
9.648,-20188
9.652,-20188
9.656,-20188
9.660,-20188
9.664,-20204
9.668,-20204
9.672,-20204
9.676,-20204
9.680,-20204
9.684,-20204
9.688,-20204
9.692,-20204
9.696,-20204
9.700,-20234
9.704,-20234
9.708,-20234
9.712,-20234
9.716,-20234
9.720,-20234
9.724,-20234
9.728,-20234
9.732,-20234
9.736,-20234
9.740,-20282
9.744,-20282
9.748,-20282
9.752,-20282
9.756,-20282
9.760,-20282
9.764,-20282
9.768,-20282
9.772,-20282
9.776,-20324
9.780,-20324
9.784,-20324
9.788,-20324
9.792,-20324
9.796,-20324
9.800,-20324
9.804,-20324
9.808,-20324
9.812,-20324
9.816,-20393
9.820,-20393
9.824,-20393
9.828,-20393
9.832,-20393
9.836,-20393
9.840,-20393
9.844,-20393
9.848,-20393
9.852,-20456
9.856,-20456
9.860,-20456
9.864,-20456
9.868,-20456
9.872,-20456
9.876,-20456
9.880,-20456
9.884,-20456
9.888,-20456
9.892,-20565
9.896,-20565
9.900,-20565
9.904,-20565
9.908,-20565
9.912,-20565
9.916,-20565
9.920,-20565
9.924,-20565
9.928,-20699
9.932,-20699
9.936,-20699
9.940,-20699
9.944,-20699
9.948,-20699
9.952,-20699
9.956,-20699
9.960,-20699
9.964,-20699
9.968,-20786
9.972,-20786
9.976,-20786
9.980,-20786
9.984,-20786
9.988,-20786
9.992,-20786
9.996,-20786
10.000,-20786
10.004,-20882
10.008,-20882
10.012,-20882
10.016,-20882
10.020,-20882
10.024,-20882
10.028,-20882
10.032,-20882
10.036,-20882
10.040,-20882
10.044,-20972
10.048,-20972
10.052,-20972
10.056,-20972
10.060,-20972
10.064,-20972
10.068,-20972
10.072,-20972
10.076,-20972
10.080,-21094
10.084,-21094
10.088,-21094
10.092,-21094
10.096,-21094
10.100,-21094
10.104,-21094
10.108,-21094
10.112,-21094
10.116,-21094
10.120,-21137
10.124,-21137
10.128,-21137
10.132,-21137
10.136,-21137
10.140,-21137
10.144,-21137
10.148,-21137
10.152,-21137
10.156,-21137
10.160,-21193
10.164,-21193
10.168,-21193
10.172,-21193
10.176,-21193
10.180,-21193
10.184,-21193
10.188,-21193
10.192,-21193
10.196,-21237
10.200,-21237
10.204,-21237
10.208,-21237
10.212,-21237
10.216,-21237
10.220,-21237
10.224,-21237
10.228,-21237
10.232,-21237
10.236,-21267
10.240,-21267
10.244,-21267
10.248,-21267
10.252,-21267
10.256,-21267
10.260,-21267
10.264,-21267
10.268,-21267
10.272,-21274
10.276,-21274
10.280,-21274
10.284,-21274
10.288,-21274
10.292,-21274
10.296,-21274
10.300,-21274
10.304,-21274
10.308,-21274
10.312,-21306
10.316,-21306
10.320,-21306
10.324,-21306
10.328,-21306
10.332,-21306
10.336,-21306
10.340,-21306
10.344,-21306
10.348,-21266
10.352,-21266
10.356,-21266
10.360,-21266
10.364,-21266
10.368,-21266
10.372,-21266
10.376,-21266
10.380,-21266
10.384,-21266
10.388,-21282
10.392,-21282
10.396,-21282
10.400,-21282
10.404,-21282
10.408,-21282
10.412,-21282
10.416,-21282
10.420,-21282
10.424,-21329
10.428,-21329
10.432,-21329
10.436,-21329
10.440,-21329
10.444,-21329
10.448,-21329
10.452,-21329
10.456,-21329
10.460,-21329
10.464,-21364
10.468,-21364
10.472,-21364
10.476,-21364
10.480,-21364
10.484,-21364
10.488,-21364
10.492,-21364
10.496,-21364
10.500,-21403
10.504,-21403
10.508,-21403
10.512,-21403
10.516,-21403
10.520,-21403
10.524,-21403
10.528,-21403
10.532,-21403
10.536,-21403
10.540,-21435
10.544,-21435
10.548,-21435
10.552,-21435
10.556,-21435
10.560,-21435
10.564,-21435
10.568,-21435
10.572,-21435
10.576,-21457
10.580,-21457
10.584,-21457
10.588,-21457
10.592,-21457
10.596,-21457
10.600,-21457
10.604,-21457
10.608,-21457
10.612,-21457
10.616,-21503
10.620,-21503
10.624,-21503
10.628,-21503
10.632,-21503
10.636,-21503
10.640,-21503
10.644,-21503
10.648,-21503
10.652,-21503
10.656,-21555
10.660,-21555
10.664,-21555
10.668,-21555
10.672,-21555
10.676,-21555
10.680,-21555
10.684,-21555
10.688,-21555
10.692,-21555
10.696,-21584
10.700,-21584
10.704,-21584
10.708,-21584
10.712,-21584
10.716,-21584
10.720,-21584
10.724,-21584
10.728,-21584
10.732,-21577
10.736,-21577
10.740,-21577
10.744,-21577
10.748,-21577
10.752,-21577
10.756,-21577
10.760,-21577
10.764,-21577
10.768,-21577
10.772,-21567
10.776,-21567
10.780,-21567
10.784,-21567
10.788,-21567
10.792,-21567
10.796,-21567
10.800,-21567
10.804,-21567
10.808,-21577
10.812,-21577
10.816,-21577
10.820,-21577
10.824,-21577
10.828,-21577
10.832,-21577
10.836,-21577
10.840,-21577
10.844,-21577
10.848,-21548
10.852,-21548
10.856,-21548
10.860,-21548
10.864,-21548
10.868,-21548
10.872,-21548
10.876,-21548
10.880,-21548
10.884,-21560
10.888,-21560
10.892,-21560
10.896,-21560
10.900,-21560
10.904,-21560
10.908,-21560
10.912,-21560
10.916,-21560
10.920,-21560
10.924,-21544
10.928,-21544
10.932,-21544
10.936,-21544
10.940,-21544
10.944,-21544
10.948,-21544
10.952,-21544
10.956,-21544
10.960,-21554
10.964,-21554
10.968,-21554
10.972,-21554
10.976,-21554
10.980,-21554
10.984,-21554
10.988,-21554
10.992,-21554
10.996,-21554
11.000,-21538
11.004,-21538
11.008,-21538
11.012,-21538
11.016,-21538
11.020,-21538
11.024,-21538
11.028,-21538
11.032,-21538
11.036,-21538
11.040,-21552
11.044,-21552
11.048,-21552
11.052,-21552
11.056,-21552
11.060,-21552
11.064,-21552
11.068,-21552
11.072,-21552
11.076,-21565
11.080,-21565
11.084,-21565
11.088,-21565
11.092,-21565
11.096,-21565
11.100,-21565
11.104,-21565
11.108,-21565
11.112,-21565
11.116,-21523
11.120,-21523
11.124,-21523
11.128,-21523
11.132,-21523
11.136,-21523
11.140,-21523
11.144,-21523
11.148,-21523
11.152,-21508
11.156,-21508
11.160,-21508
11.164,-21508
11.168,-21508
11.172,-21508
11.176,-21508
11.180,-21508
11.184,-21508
11.188,-21508
11.192,-21499
11.196,-21499
11.200,-21499
11.204,-21499
11.208,-21499
11.212,-21499
11.216,-21499
11.220,-21499
11.224,-21499
11.228,-21496
11.232,-21496
11.236,-21496
11.240,-21496
11.244,-21496
11.248,-21496
11.252,-21496
11.256,-21496
11.260,-21496
11.264,-21496
11.268,-21468
11.272,-21468
11.276,-21468
11.280,-21468
11.284,-21468
11.288,-21468
11.292,-21468
11.296,-21468
11.300,-21468
11.304,-21480
11.308,-21480
11.312,-21480
11.316,-21480
11.320,-21480
11.324,-21480
11.328,-21480
11.332,-21480
11.336,-21480
11.340,-21439
11.344,-21439
11.348,-21439
11.352,-21439
11.356,-21439
11.360,-21439
11.364,-21439
11.368,-21439
11.372,-21439
11.376,-21421
11.380,-21421
11.384,-21421
11.388,-21421
11.392,-21421
11.396,-21421
11.400,-21421
11.404,-21421
11.408,-21421
11.412,-21421
11.416,-21413
11.420,-21413
11.424,-21413
11.428,-21413
11.432,-21413
11.436,-21413
11.440,-21413
11.444,-21413
11.448,-21413
11.452,-21428
11.456,-21428
11.460,-21428
11.464,-21428
11.468,-21428
11.472,-21428
11.476,-21428
11.480,-21428
11.484,-21428
11.488,-21428
11.492,-21458
11.496,-21458
11.500,-21458
11.504,-21458
11.508,-21458
11.512,-21458
11.516,-21458
11.520,-21458
11.524,-21458
11.528,-21534
11.532,-21534
11.536,-21534
11.540,-21534
11.544,-21534
11.548,-21534
11.552,-21534
11.556,-21534
11.560,-21534
11.564,-21534
11.568,-21527
11.572,-21527
11.576,-21527
11.580,-21527
11.584,-21527
11.588,-21527
11.592,-21527
11.596,-21527
11.600,-21527
11.604,-21513
11.608,-21513
11.612,-21513
11.616,-21513
11.620,-21513
11.624,-21513
11.628,-21513
11.632,-21513
11.636,-21513
11.640,-21513
11.644,-21537
11.648,-21537
11.652,-21537
11.656,-21537
11.660,-21537
11.664,-21537
11.668,-21537
11.672,-21537
11.676,-21537
11.680,-21537
11.684,-21537
11.688,-21537
11.692,-21537
11.696,-21537
11.700,-21537
11.704,-21537
11.708,-21537
11.712,-21537
11.716,-21537
11.720,-21537
11.724,-21555
11.728,-21555
11.732,-21555
11.736,-21555
11.740,-21555
11.744,-21555
11.748,-21555
11.752,-21555
11.756,-21555
11.760,-21546
11.764,-21546
11.768,-21546
11.772,-21546
11.776,-21546
11.780,-21546
11.784,-21546
11.788,-21546
11.792,-21546
11.796,-21546
11.800,-21557
11.804,-21557
11.808,-21557
11.812,-21557
11.816,-21557
11.820,-21557
11.824,-21557
11.828,-21557
11.832,-21557
11.836,-21557
11.840,-21542
11.844,-21542
11.848,-21542
11.852,-21542
11.856,-21542
11.860,-21542
11.864,-21542
11.868,-21542
11.872,-21542
11.876,-21548
11.880,-21548
11.884,-21548
11.888,-21548
11.892,-21548
11.896,-21548
11.900,-21548
11.904,-21548
11.908,-21548
11.912,-21548
11.916,-21524
11.920,-21524
11.924,-21524
11.928,-21524
11.932,-21524
11.936,-21524
11.940,-21524
11.944,-21524
11.948,-21524
11.952,-21536
11.956,-21536
11.960,-21536
11.964,-21536
11.968,-21536
11.972,-21536
11.976,-21536
11.980,-21536
11.984,-21536
11.988,-21536
11.992,-21520
11.996,-21520
12.000,-21520
12.004,-21520
12.008,-21520
12.012,-21520
12.016,-21520
12.020,-21520
12.024,-21520
12.028,-21539
12.032,-21539
12.036,-21539
12.040,-21539
12.044,-21539
12.048,-21539
12.052,-21539
12.056,-21539
12.060,-21539
12.064,-21539
12.068,-21549
12.072,-21549
12.076,-21549
12.080,-21549
12.084,-21549
12.088,-21549
12.092,-21549
12.096,-21549
12.100,-21549
12.104,-21594
12.108,-21594
12.112,-21594
12.116,-21594
12.120,-21594
12.124,-21594
12.128,-21594
12.132,-21594
12.136,-21594
12.140,-21594
12.144,-21586
12.148,-21586
12.152,-21586
12.156,-21586
12.160,-21586
12.164,-21586
12.168,-21586
12.172,-21586
12.176,-21586
12.180,-21616
12.184,-21616
12.188,-21616
12.192,-21616
12.196,-21616
12.200,-21616
12.204,-21616
12.208,-21616
12.212,-21616
12.216,-21616
12.220,-21620
12.224,-21620
12.228,-21620
12.232,-21620
12.236,-21620
12.240,-21620
12.244,-21620
12.248,-21620
12.252,-21620
12.256,-21603
12.260,-21603
12.264,-21603
12.268,-21603
12.272,-21603
12.276,-21603
12.280,-21603
12.284,-21603
12.288,-21603
12.292,-21603
12.296,-21613
12.300,-21613
12.304,-21613
12.308,-21613
12.312,-21613
12.316,-21613
12.320,-21613
12.324,-21613
12.328,-21613
12.332,-21571
12.336,-21571
12.340,-21571
12.344,-21571
12.348,-21571
12.352,-21571
12.356,-21571
12.360,-21571
12.364,-21571
12.368,-21571
12.372,-21578
12.376,-21578
12.380,-21578
12.384,-21578
12.388,-21578
12.392,-21578
12.396,-21578
12.400,-21578
12.404,-21578
12.408,-21624
12.412,-21624
12.416,-21624
12.420,-21624
12.424,-21624
12.428,-21624
12.432,-21624
12.436,-21624
12.440,-21624
12.444,-21624
12.448,-21637
12.452,-21637
12.456,-21637
12.460,-21637
12.464,-21637
12.468,-21637
12.472,-21637
12.476,-21637
12.480,-21637
12.484,-21747
12.488,-21747
12.492,-21747
12.496,-21747
12.500,-21747
12.504,-21747
12.508,-21747
12.512,-21747
12.516,-21747
12.520,-21747
12.524,-21849
12.528,-21849
12.532,-21849
12.536,-21849
12.540,-21849
12.544,-21849
12.548,-21849
12.552,-21849
12.556,-21849
12.560,-22049
12.564,-22049
12.568,-22049
12.572,-22049
12.576,-22049
12.580,-22049
12.584,-22049
12.588,-22049
12.592,-22049
12.596,-22049
12.600,-22233
12.604,-22233
12.608,-22233
12.612,-22233
12.616,-22233
12.620,-22233
12.624,-22233
12.628,-22233
12.632,-22233
12.636,-22233
12.640,-22499
12.644,-22499
12.648,-22499
12.652,-22499
12.656,-22499
12.660,-22499
12.664,-22499
12.668,-22499
12.672,-22499
12.676,-22740
12.680,-22740
12.684,-22740
12.688,-22740
12.692,-22740
12.696,-22740
12.700,-22740
12.704,-22740
12.708,-22740
12.712,-22740
12.716,-22740
12.720,-23033
12.724,-23033
12.728,-23033
12.732,-23033
12.736,-23033
12.740,-23033
12.744,-23033
12.748,-23033
12.752,-23258
12.756,-23258
12.760,-23258
12.764,-23258
12.768,-23258
12.772,-23258
12.776,-23258
12.780,-23258
12.784,-23258
12.788,-23258
12.792,-23417
12.796,-23417
12.800,-23417
12.804,-23417
12.808,-23417
12.812,-23417
12.816,-23417
12.820,-23417
12.824,-23417
12.828,-23605
12.832,-23605
12.836,-23605
12.840,-23605
12.844,-23605
12.848,-23605
12.852,-23605
12.856,-23605
12.860,-23605
12.864,-23605
12.868,-23704
12.872,-23704
12.876,-23704
12.880,-23704
12.884,-23704
12.888,-23704
12.892,-23704
12.896,-23704
12.900,-23704
12.904,-23716
12.908,-23716
12.912,-23716
12.916,-23716
12.920,-23716
12.924,-23716
12.928,-23716
12.932,-23716
12.936,-23716
12.940,-23716
12.944,-23728
12.948,-23728
12.952,-23728
12.956,-23728
12.960,-23728
12.964,-23728
12.968,-23728
12.972,-23728
12.976,-23728
12.980,-23794
12.984,-23794
12.988,-23794
12.992,-23794
12.996,-23794
13.000,-23794
13.004,-23794
13.008,-23794
13.012,-23794
13.016,-23794
13.020,-23841
13.024,-23841
13.028,-23841
13.032,-23841
13.036,-23841
13.040,-23841
13.044,-23841
13.048,-23841
13.052,-23841
13.056,-23916
13.060,-23916
13.064,-23916
13.068,-23916
13.072,-23916
13.076,-23916
13.080,-23916
13.084,-23916
13.088,-23916
13.092,-23916
13.096,-24006
13.100,-24006
13.104,-24006
13.108,-24006
13.112,-24006
13.116,-24006
13.120,-24006
13.124,-24006
13.128,-24006
13.132,-24037
13.136,-24037
13.140,-24037
13.144,-24037
13.148,-24037
13.152,-24037
13.156,-24037
13.160,-24037
13.164,-24037
13.168,-24037
13.172,-24023
13.176,-24023
13.180,-24023
13.184,-24023
13.188,-24023
13.192,-24023
13.196,-24023
13.200,-24023
13.204,-24023
13.208,-23966
13.212,-23966
13.216,-23966
13.220,-23966
13.224,-23966
13.228,-23966
13.232,-23966
13.236,-23966
13.240,-23966
13.244,-23966
13.248,-23930
13.252,-23930
13.256,-23930
13.260,-23930
13.264,-23930
13.268,-23930
13.272,-23930
13.276,-23930
13.280,-23930
13.284,-23888
13.288,-23888
13.292,-23888
13.296,-23888
13.300,-23888
13.304,-23888
13.308,-23888
13.312,-23888
13.316,-23888
13.320,-23888
13.324,-23903
13.328,-23903
13.332,-23903
13.336,-23903
13.340,-23903
13.344,-23903
13.348,-23903
13.352,-23903
13.356,-23903
13.360,-23882
13.364,-23882
13.368,-23882
13.372,-23882
13.376,-23882
13.380,-23882
13.384,-23882
13.388,-23882
13.392,-23882
13.396,-23882
13.400,-23910
13.404,-23910
13.408,-23910
13.412,-23910
13.416,-23910
13.420,-23910
13.424,-23910
13.428,-23910
13.432,-23910
13.436,-23910
13.440,-23934
13.444,-23934
13.448,-23934
13.452,-23934
13.456,-23934
13.460,-23934
13.464,-23934
13.468,-23934
13.472,-23934
13.476,-24008
13.480,-24008
13.484,-24008
13.488,-24008
13.492,-24008
13.496,-24008
13.500,-24008
13.504,-24008
13.508,-24008
13.512,-24008
13.516,-24007
13.520,-24007
13.524,-24007
13.528,-24007
13.532,-24007
13.536,-24007
13.540,-24007
13.544,-24007
13.548,-24007
13.552,-23994
13.556,-23994
13.560,-23994
13.564,-23994
13.568,-23994
13.572,-23994
13.576,-23994
13.580,-23994
13.584,-23994
13.588,-23994
13.592,-24011
13.596,-24011
13.600,-24011
13.604,-24011
13.608,-24011
13.612,-24011
13.616,-24011
13.620,-24011
13.624,-24011
13.628,-24054
13.632,-24054
13.636,-24054
13.640,-24054
13.644,-24054
13.648,-24054
13.652,-24054
13.656,-24054
13.660,-24054
13.664,-24054
13.668,-24076
13.672,-24076
13.676,-24076
13.680,-24076
13.684,-24076
13.688,-24076
13.692,-24076
13.696,-24076
13.700,-24076
13.704,-24094
13.708,-24094
13.712,-24094
13.716,-24094
13.720,-24094
13.724,-24094
13.728,-24094
13.732,-24094
13.736,-24094
13.740,-24094
13.744,-24082
13.748,-24082
13.752,-24082
13.756,-24082
13.760,-24082
13.764,-24082
13.768,-24082
13.772,-24082
13.776,-24082
13.780,-24082
13.784,-24070
13.788,-24070
13.792,-24070
13.796,-24070
13.800,-24070
13.804,-24070
13.808,-24070
13.812,-24070
13.816,-24070
13.820,-24070
13.824,-24063
13.828,-24063
13.832,-24063
13.836,-24063
13.840,-24063
13.844,-24063
13.848,-24063
13.852,-24063
13.856,-24063
13.860,-24117
13.864,-24117
13.868,-24117
13.872,-24117
13.876,-24117
13.880,-24117
13.884,-24117
13.888,-24117
13.892,-24117
13.896,-24117
13.900,-24184
13.904,-24184
13.908,-24184
13.912,-24184
13.916,-24184
13.920,-24184
13.924,-24184
13.928,-24184
13.932,-24184
13.936,-24314
13.940,-24314
13.944,-24314
13.948,-24314
13.952,-24314
13.956,-24314
13.960,-24314
13.964,-24314
13.968,-24314
13.972,-24314
13.976,-24514
13.980,-24514
13.984,-24514
13.988,-24514
13.992,-24514
13.996,-24514
14.000,-24514
14.004,-24514
14.008,-24514
14.012,-24756
14.016,-24756
14.020,-24756
14.024,-24756
14.028,-24756
14.032,-24756
14.036,-24756
14.040,-24756
14.044,-24756
14.048,-24756
14.052,-24964
14.056,-24964
14.060,-24964
14.064,-24964
14.068,-24964
14.072,-24964
14.076,-24964
14.080,-24964
14.084,-24964
14.088,-25147
14.092,-25147
14.096,-25147
14.100,-25147
14.104,-25147
14.108,-25147
14.112,-25147
14.116,-25147
14.120,-25147
14.124,-25147
14.128,-25283
14.132,-25283
14.136,-25283
14.140,-25283
14.144,-25283
14.148,-25283
14.152,-25283
14.156,-25283
14.160,-25283
14.164,-25403
14.168,-25403
14.172,-25403
14.176,-25403
14.180,-25403
14.184,-25403
14.188,-25403
14.192,-25403
14.196,-25403
14.200,-25403
14.204,-25462
14.208,-25462
14.212,-25462
14.216,-25462
14.220,-25462
14.224,-25462
14.228,-25462
14.232,-25462
14.236,-25462
14.240,-25548
14.244,-25548
14.248,-25548
14.252,-25548
14.256,-25548
14.260,-25548
14.264,-25548
14.268,-25548
14.272,-25548
14.276,-25548
14.280,-25607
14.284,-25607
14.288,-25607
14.292,-25607
14.296,-25607
14.300,-25607
14.304,-25607
14.308,-25607
14.312,-25607
14.316,-25607
14.320,-25673
14.324,-25673
14.328,-25673
14.332,-25673
14.336,-25673
14.340,-25673
14.344,-25673
14.348,-25673
14.352,-25748
14.356,-25748
14.360,-25748
14.364,-25748
14.368,-25748
14.372,-25748
14.376,-25748
14.380,-25748
14.384,-25748
14.388,-25748
14.392,-25844
14.396,-25844
14.400,-25844
14.404,-25844
14.408,-25844
14.412,-25844
14.416,-25844
14.420,-25844
14.424,-25844
14.428,-25903
14.432,-25903
14.436,-25903
14.440,-25903
14.444,-25903
14.448,-25903
14.452,-25903
14.456,-25903
14.460,-25903
14.464,-25903
14.468,-25919
14.472,-25919
14.476,-25919
14.480,-25919
14.484,-25919
14.488,-25919
14.492,-25919
14.496,-25919
14.500,-25919
14.504,-25906
14.508,-25906
14.512,-25906
14.516,-25906
14.520,-25906
14.524,-25906
14.528,-25906
14.532,-25906
14.536,-25906
14.540,-25906
14.544,-25907
14.548,-25907
14.552,-25907
14.556,-25907
14.560,-25907
14.564,-25907
14.568,-25907
14.572,-25907
14.576,-25907
14.580,-25915
14.584,-25915
14.588,-25915
14.592,-25915
14.596,-25915
14.600,-25915
14.604,-25915
14.608,-25915
14.612,-25915
14.616,-25915
14.620,-25950
14.624,-25950
14.628,-25950
14.632,-25950
14.636,-25950
14.640,-25950
14.644,-25950
14.648,-25950
14.652,-25950
14.656,-25967
14.660,-25967
14.664,-25967
14.668,-25967
14.672,-25967
14.676,-25967
14.680,-25967
14.684,-25967
14.688,-25967
14.692,-25967
14.696,-25962
14.700,-25962
14.704,-25962
14.708,-25962
14.712,-25962
14.716,-25962
14.720,-25962
14.724,-25962
14.728,-25962
14.732,-25968
14.736,-25968
14.740,-25968
14.744,-25968
14.748,-25968
14.752,-25968
14.756,-25968
14.760,-25968
14.764,-25968
14.768,-25968
14.772,-26055
14.776,-26055
14.780,-26055
14.784,-26055
14.788,-26055
14.792,-26055
14.796,-26055
14.800,-26055
14.804,-26055
14.808,-26151
14.812,-26151
14.816,-26151
14.820,-26151
14.824,-26151
14.828,-26151
14.832,-26151
14.836,-26151
14.840,-26151
14.844,-26151
14.848,-26151
14.852,-26242
14.856,-26242
14.860,-26242
14.864,-26242
14.868,-26242
14.872,-26242
14.876,-26242
14.880,-26242
14.884,-26242
14.888,-26372
14.892,-26372
14.896,-26372
14.900,-26372
14.904,-26372
14.908,-26372
14.912,-26372
14.916,-26372
14.920,-26372
14.924,-26372
14.928,-26621
14.932,-26621
14.936,-26621
14.940,-26621
14.944,-26621
14.948,-26621
14.952,-26621
14.956,-26621
14.960,-26807
14.964,-26807
14.968,-26807
14.972,-26807
14.976,-26807
14.980,-26807
14.984,-26807
14.988,-26807
14.992,-26807
14.996,-26807
15.000,-26807
15.004,-27002
15.008,-27002
15.012,-27002
15.016,-27002
15.020,-27002
15.024,-27002
15.028,-27002
15.032,-27002
15.036,-27002
15.040,-27204
15.044,-27204
15.048,-27204
15.052,-27204
15.056,-27204
15.060,-27204
15.064,-27204
15.068,-27204
15.072,-27204
15.076,-27204
15.080,-27442
15.084,-27442
15.088,-27442
15.092,-27442
15.096,-27442
15.100,-27442
15.104,-27442
15.108,-27442
15.112,-27442
15.116,-27442
15.120,-27654
15.124,-27654
15.128,-27654
15.132,-27654
15.136,-27654
15.140,-27654
15.144,-27654
15.148,-27654
15.152,-27654
15.156,-27840
15.160,-27840
15.164,-27840
15.168,-27840
15.172,-27840
15.176,-27840
15.180,-27840
15.184,-27840
15.188,-27840
15.192,-27840
15.196,-27968
15.200,-27968
15.204,-27968
15.208,-27968
15.212,-27968
15.216,-27968
15.220,-27968
15.224,-27968
15.228,-27968
15.232,-28053
15.236,-28053
15.240,-28053
15.244,-28053
15.248,-28053
15.252,-28053
15.256,-28053
15.260,-28053
15.264,-28053
15.268,-28053
15.272,-28114
15.276,-28114
15.280,-28114
15.284,-28114
15.288,-28114
15.292,-28114
15.296,-28114
15.300,-28114
15.304,-28114
15.308,-28165
15.312,-28165
15.316,-28165
15.320,-28165
15.324,-28165
15.328,-28165
15.332,-28165
15.336,-28165
15.340,-28165
15.344,-28165
15.348,-28314
15.352,-28314
15.356,-28314
15.360,-28314
15.364,-28314
15.368,-28314
15.372,-28314
15.376,-28314
15.380,-28314
15.384,-28509
15.388,-28509
15.392,-28509
15.396,-28509
15.400,-28509
15.404,-28509
15.408,-28509
15.412,-28509
15.416,-28509
15.420,-28509
15.424,-28812
15.428,-28812
15.432,-28812
15.436,-28812
15.440,-28812
15.444,-28812
15.448,-28812
15.452,-28812
15.456,-28812
15.460,-29039
15.464,-29039
15.468,-29039
15.472,-29039
15.476,-29039
15.480,-29039
15.484,-29039
15.488,-29039
15.492,-29039
15.496,-29039
15.500,-29384
15.504,-29384
15.508,-29384
15.512,-29384
15.516,-29384
15.520,-29384
15.524,-29384
15.528,-29384
15.532,-29384
15.536,-29886
15.540,-29886
15.544,-29886
15.548,-29886
15.552,-29886
15.556,-29886
15.560,-29886
15.564,-29886
15.568,-29886
15.572,-29886
15.576,-30576
15.580,-30576
15.584,-30576
15.588,-30576
15.592,-30576
15.596,-30576
15.600,-30576
15.604,-30576
15.608,-30576
15.612,-31425
15.616,-31425
15.620,-31425
15.624,-31425
15.628,-31425
15.632,-31425
15.636,-31425
15.640,-31425
15.644,-31425
15.648,-31425
15.652,-32366
15.656,-32366
15.660,-32366
15.664,-32366
15.668,-32366
15.672,-32366
15.676,-32366
15.680,-32366
15.684,-32366
15.688,31980
15.692,31980
15.696,31980
15.700,31980
15.704,31980
15.708,31980
15.712,31980
15.716,31980
15.720,31980
15.724,31980
15.728,30781
15.732,30781
15.736,30781
15.740,30781
15.744,30781
15.748,30781
15.752,30781
15.756,30781
15.760,30781
15.764,29632
15.768,29632
15.772,29632
15.776,29632
15.780,29632
15.784,29632
15.788,29632
15.792,29632
15.796,29632
15.800,29632
15.804,28466
15.808,28466
15.812,28466
15.816,28466
15.820,28466
15.824,28466
15.828,28466
15.832,28466
15.836,28466
15.840,27344
15.844,27344
15.848,27344
15.852,27344
15.856,27344
15.860,27344
15.864,27344
15.868,27344
15.872,27344
15.876,27344
15.880,25962
15.884,25962
15.888,25962
15.892,25962
15.896,25962
15.900,25962
15.904,25962
15.908,25962
15.912,25962
15.916,25962
15.920,24271
15.924,24271
15.928,24271
15.932,24271
15.936,24271
15.940,24271
15.944,24271
15.948,24271
15.952,24271
15.956,25111
15.960,25111
15.964,25111
15.968,25111
15.972,25111
15.976,25111
15.980,25111
15.984,25111
15.988,25111
15.992,25111
15.996,25111
16.000,20846
16.004,20846
16.008,20846
16.012,20846
16.016,20846
16.020,20846
16.024,20846
16.028,20846
16.032,20846
16.036,12722
16.040,12722
16.044,12722
16.048,12722
16.052,12722
16.056,12722
16.060,12722
16.064,12722
16.068,12722
16.072,12722
16.076,1227
16.080,1227
16.084,1227
16.088,1227
16.092,1227
16.096,1227
16.100,1227
16.104,1227
16.108,1227
16.112,-9401
16.116,-9401
16.120,-9401
16.124,-9401
16.128,-9401
16.132,-9401
16.136,-9401
16.140,-9401
16.144,-9401
16.148,-9401
16.152,-22667
16.156,-22667
16.160,-22667
16.164,-22667
16.168,-22667
16.172,-22667
16.176,-22667
16.180,-22667
16.184,-22667
16.188,29411
16.192,29411
16.196,29411
16.200,29411
16.204,29411
16.208,29411
16.212,29411
16.216,29411
16.220,29411
16.224,29411
16.228,19872
16.232,19872
16.236,19872
16.240,19872
16.244,19872
16.248,19872
16.252,19872
16.256,19872
16.260,19872
16.264,13748
16.268,13748
16.272,13748
16.276,13748
16.280,13748
16.284,13748
16.288,13748
16.292,13748
16.296,13748
16.300,13748
16.304,9864
16.308,9864
16.312,9864
16.316,9864
